College_ID,College_Name,College_Location
1,BIRLA INSTITUTE OF TECHNOLOGY,RAJASTHAN
2,COLLEGE OF ENGINEERING PUNE,MAHARASHTRA
3,DELHI COLLEGE OF ENGINEERING,DELHI
4,DHIRUBHAI AMBANI INSTITUTE OF INFORMATION AND TECHNOLOGY,GUJARAT
5,IIIT HYDERBAD,ANDHRA PRADESH
6,IIT DELHI,DELHI
7,IIT GUWAHATI,ASSAM
8,IIT KANPUR,UTTAR PRADESH
9,IIT KHARAGPUR,WEST BENGAL
10,IIT MADRAS,TAMIL NADU
11,IIT MUMBAI,MAHARASHTRA
12,IIT ROORKEE,UTTAR PRADESH
13,"INSTITUTE OF TECHNOLOGY ,BHU",UTTAR PRADESH
14,MANIPAL INSTITUTE OF TECHNOLOGY,KARNATAKA
15,MNNIT ALLAHABAD,UTTAR PRADESH
16,PSG COLLEGE OF TECHNOLOGY,TAMIL NADU
17,SRM UNIVERSITY,TELANGANA
18,THAPAR INSTITUTE OF ENGINEERING AND TECHNOLOGY,PUNJAB
19,VELLORE INSTITUTE OF TECHNOLOGY,TAMIL NADU
20,VISHWESHWARAYYA TECHNOLOGICAL UNIVERSITY,KARNATAKA
