Company_ID,Company_Name,Head_Office_Location,Country
1,ACCENTURE,DUBLIN,IRELAND
2,AKAMAI,CAMBRIDGE,USA
3,CAPGEMINI,PARIS,FRANCE
4,CISCO,SAN JOSE,USA
5,COGNIZANT,TEANECK,USA
6,EMC 2,HOPKINTON,USA
7,FACEBOOK,MENLO PARK,USA
8,GOOGLE,MOUNTAIN VIEW,USA
9,HCL,NOIDA,INDIA
10,HONEYWELL,MORRISTOWN,USA
11,IGATE,BRIDGEWATER,USA
12,INFOSYS,BENGALURU,INDIA
13,JP MORGAN,NEW YORK ,USA
14,KPMG,AMSTERDAM,NETHERLANDS
15,MICROSOFT,REDMOND,USA
16,MU SIGMA,CHICAGO,USA
17,SAMSUNG,SUWON,SOUTH KOREA
18,TCS,MUMBAI,INDIA
19,VMWARE,PALO ALTO,USA
20,WIPRO,BENGALURU,INDIA
