club_id,league_id,club_name,manager,owner
1,3, Atheletico Madrid,Alvin Lucas,Dean Green
2,2,Arsenal,Caesar Townsend,Brandon Townsend
3,2,Aston Villa,Hamish Clayton,Sylvester Campos
4,3,Atheletico Bilbao,Murphy Strong,Erich Bird
5,3,Barcelona,Malik Sanders,Curran Drake
6,1,Bayern Leverkusan,Mollie Ferguson,Hilel Nixon
7,1,Bayern Munich,Yvonne Bryan,Erich Navarro
8,2,Chelsea,Bruce Bray,Beck Bell
9,1,Dortmund,Ursa Finch,Yasir Conley
10,2,Everton,Hayes Bowman,Roth Rice
11,1,FC Koln,Dante Castillo,Cyrus Sutton
12,1,Hamburger SV,Chelsea Mendoza,Anthony Weeks
13,1,Hannover 96,Chava Rosales,Harlan Dudley
14,3,Levante,Tyler Morin,Tyler Carver
15,2,Liverpool,Kato Carver,Wyatt Joyner
16,3,Malaga FC,Axel Farley,Graiden Rowe
17,2,Man City,Damian Hancock,Joshua Little
18,2,ManUtd,Theodore Mcguire,Baxter Stephens
19,2,NewCastle,Finn Finch,Emery Woods
20,3,RCD Espanyol,Jason Hahn,Maxwell Bates
21,3,Real Madrid,Tad Gardner,Christopher Wilder
22,3,Real Sociedad,Edward Chase,Wyatt Hernandez
23,1,Schalke,Wanda Mayer,Adam Strickland
24,3,Sevilla FC,Tad Glenn,Hamilton Cobb
25,3,Sunderland,Zachary Burgess,Marsden Clements
26,2,Swanswa City,Duncan Navarro,Caleb Cote
27,1,VFB Stuttgart,Kaseem Marsh,Todd Emerson
28,1,VFL Wolfsburg,Upton Campbell,Zephania Harding
29,3,Valencia,Phelan Rollins,Fuller Odom
30,1,Wreder Brewman,Lacota Ramsey,Brady Kelly
