time_id,year,quarter,month,month_num
1,2008,1,January,1
2,2008,1,February,2
3,2008,1,March,3
4,2008,2,April,4
5,2008,2,May,5
6,2008,2,June,6
7,2008,3,July,7
8,2008,3,August,8
9,2008,3,September,9
10,2008,4,October,10
11,2008,4,November,11
12,2008,4,December,12
13,2009,1,January,1
14,2009,1,February,2
15,2009,1,March,3
16,2009,2,April,4
17,2009,2,May,5
18,2009,2,June,6
19,2009,3,July,7
20,2009,3,August,8
21,2009,3,September,9
22,2009,4,October,10
23,2009,4,November,11
24,2009,4,December,12
25,2010,1,January,1
26,2010,1,February,2
27,2010,1,March,3
28,2010,2,April,4
29,2010,2,May,5
30,2010,2,June,6
31,2010,3,July,7
32,2010,3,August,8
33,2010,3,September,9
34,2010,4,October,10
35,2010,4,November,11
36,2010,4,December,12
37,2011,1,January,1
38,2011,1,February,2
39,2011,1,March,3
40,2011,2,April,4
41,2011,2,May,5
42,2011,2,June,6
43,2011,3,July,7
44,2011,3,August,8
45,2011,3,September,9
46,2011,4,October,10
47,2011,4,November,11
48,2011,4,December,12
49,2012,1,January,1
50,2012,1,February,2
51,2012,1,March,3
52,2012,2,April,4
53,2012,2,May,5
54,2012,2,June,6
55,2012,3,July,7
56,2012,3,August,8
57,2012,3,September,9
58,2012,4,October,10
59,2012,4,November,11
60,2012,4,December,12
61,2013,1,January,1
62,2013,1,February,2
63,2013,1,March,3
64,2013,2,April,4
65,2013,2,May,5
66,2013,2,June,6
67,2013,3,July,7
68,2013,3,August,8
69,2013,3,September,9
70,2013,4,October,10
71,2013,4,November,11
72,2013,4,December,12
73,2014,1,January,1
74,2014,1,February,2
75,2014,1,March,3
76,2014,2,April,4
77,2014,2,May,5
78,2014,2,June,6
79,2014,3,July,7
80,2014,3,August,8
81,2014,3,September,9
82,2014,4,October,10
83,2014,4,November,11
84,2014,4,December,12
85,2015,1,January,1
86,2015,1,February,2
87,2015,1,March,3
88,2015,2,April,4
89,2015,2,May,5
90,2015,2,June,6
91,2015,3,July,7
92,2015,3,August,8
93,2015,3,September,9
94,2015,4,October,10
95,2015,4,November,11
96,2015,4,December,12
97,2016,1,January,1
98,2016,1,February,2
99,2016,1,March,3
100,2016,2,April,4
101,2016,2,May,5
102,2016,2,June,6
103,2016,3,July,7
104,2016,3,August,8
105,2016,3,September,9
106,2016,4,October,10
107,2016,4,November,11
108,2016,4,December,12
109,2017,1,January,1
110,2017,1,February,2
111,2017,1,March,3
112,2017,2,April,4
113,2017,2,May,5
114,2017,2,June,6
115,2017,3,July,7
116,2017,3,August,8
117,2017,3,September,9
118,2017,4,October,10
119,2017,4,November,11
120,2017,4,December,12
121,2018,1,January,1
122,2018,1,February,2
123,2018,1,March,3
124,2018,2,April,4
125,2018,2,May,5
126,2018,2,June,6
127,2018,3,July,7
128,2018,3,August,8
129,2018,3,September,9
130,2018,4,October,10
131,2018,4,November,11
132,2018,4,December,12
