player_id,player_name,total_appearances
137,Filipe luis,288
458,Viktor Fischer,288
296,Maximilian,288
321,Pablo,288
34,Armindo Bruma,288
211,Joel Campbell,288
115,Etienne,288
183,Hulk,288
412,Thiago Alc�ntara,288
76,Dani Alves,288
27,Antoine,288
384,Samir Handanovic,288
192,Isco,288
103,Edin Dzeko,288
223,Juan Isaac,288
409,Ter Stegen,288
232,Lani Hoffman,288
93,David Villa,288
346,Philipp Lahm,288
476,javi Martinez,288
367,Ricardo,288
140,Fletcher,288
152,Fredericka Cleveland,288
355,Rafael,288
305,Mesut Ozil,288
473,Zlatan Ibrahimovic,288
435,Toni Kroos,288
146,Francesco,288
1,Adrian,288
52,Cafu,288
86,David Alaba,288
205,Jerome Boateng,288
328,Paul Scholes,288
308,Nani,288
40,Barthez,288
20,Alexis Sanchez,288
470,Willian,288
283,Mario Gotze,288
340,Phelan Sampson,288
431,Tomas Rosicky,288
402,Stephan,288
250,LuisRonaldo,288
235,Lindegaard,288
452,Vidic,288
266,Marco,288
163,George Cross,288
279,Mario Gomez,288
258,Manuel Neuer,288
415,Thiago Silva,288
299,Memphis Depay,288
64,Cesc Fabregas,288
425,Tim Krul,288
455,Vieri,288
43,Bernd Leno,288
262,Marcelo,288
269,Marco Rojo,288
112,Erik Lamela,288
358,Ramires,288
189,Ima Hoover,288
37,Ashley Cole,288
127,Fabio,288
461,Vincent Kompany,288
61,Carvajal,288
318,Oscar,288
374,Robben,288
202,Javier Mascherano,288
17,Alex Chamberlain,288
324,Patrice Evra,288
387,Sandro,288
381,Ronaldinho,288
217,Jordi Alba,288
290,Mats Hummels,288
441,Valencia,288
229,Kayler Navas,288
220,Jose Enrique,288
173,Hernandez,288
55,Carlos Vela,288
445,Van Persie,288
4,Aguero,288
241,Lucas,288
100,Eden Hazard,288
23,Angel Di Maria,288
49,Buffon,288
176,Hugo,288
7,Alberto M,288
244,Lucas Piazon,288
238,Lionel Messi,288
314,Olivier Girioud,288
247,Luis Suarez,288
343,Phil Jones,288
428,Tomas Kalas,288
331,Paulo Dybala,288
438,Ulysses Blair,288
448,Victor Valvdes,288
467,Wayne Rooney,288
97,Diego Coasta,288
10,Alessandro  Florenzi,288
361,Raphael Varane,288
293,Max Kruse,288
418,Thibaut Courtois,288
364,Ribery,288
167,Gerrad Pique,288
80,Daniel Sturridge,288
73,Daley Blind,288
160,Gareth Bale,288
70,Cristiano Ronaldo,288
121,Ezequiel Lavezzi,288
396,Sergio Ramos,288
156,Gabriel,288
143,Forrest Bradford,288
390,Santiago Arias,288
226,Juan Manuel,288
464,Vladimir,288
214,Jonas,288
352,Radamel Falcao,288
195,Jamea,288
287,Mario Mandzukic,288
371,Rivaldo,288
90,David De Gea,288
334,Pedro,288
272,Marcos Junio,288
109,Emiliano,288
378,Robert Lewandoski,288
254,Luke Shaw,288
170,Giggs,288
58,Carrick,288
421,Thierry Henry,288
83,Danny Welbeck,288
106,Edison Cavani,288
14,Alessio Cerci,288
349,Pires,288
199,Javier Manquillo,288
337,Petr Cech,288
131,Fabio Alexandre,288
149,Frank Lampard,288
276,Mario Balotelli,288
118,Evans,288
124,Ezra Rojas,288
30,Antonio Cassano,288
302,Mertesacker,288
405,Tallulah Leach,288
186,Iker Casillas,288
46,Bojan,288
67,Chris Smalling,288
311,Noah Whitfield,288
399,Sirigu,288
180,Hugo Lloris,288
134,Ferdinand,288
393,SebastianGiovinco,288
208,Joe Hart,288
