Year,College_Name,Company_Name,Percentage_Selection
2012,BIRLA INSTITUTE OF TECHNOLOGY,CISCO,0.0043
2012,BIRLA INSTITUTE OF TECHNOLOGY,CAPGEMINI,0.0108
2012,BIRLA INSTITUTE OF TECHNOLOGY,JP MORGAN,0.0108
2012,BIRLA INSTITUTE OF TECHNOLOGY,VMWARE,0.0144
2012,BIRLA INSTITUTE OF TECHNOLOGY,SAMSUNG,0.0144
2012,BIRLA INSTITUTE OF TECHNOLOGY,MU SIGMA,0.018
2012,BIRLA INSTITUTE OF TECHNOLOGY,KPMG,0.0234
2012,BIRLA INSTITUTE OF TECHNOLOGY,AKAMAI,0.0431
2012,BIRLA INSTITUTE OF TECHNOLOGY,HONEYWELL,0.0539
2012,BIRLA INSTITUTE OF TECHNOLOGY,ACCENTURE,0.0611
2012,BIRLA INSTITUTE OF TECHNOLOGY,WIPRO,0.0719
2012,BIRLA INSTITUTE OF TECHNOLOGY,HCL,0.1258
2012,BIRLA INSTITUTE OF TECHNOLOGY,IGATE,0.1258
2012,BIRLA INSTITUTE OF TECHNOLOGY,COGNIZANT,0.1348
2012,BIRLA INSTITUTE OF TECHNOLOGY,INFOSYS,0.1438
2012,BIRLA INSTITUTE OF TECHNOLOGY,TCS,0.1438
2012,COLLEGE OF ENGINEERING PUNE,CAPGEMINI,0.0037
2012,COLLEGE OF ENGINEERING PUNE,JP MORGAN,0.0049
2012,COLLEGE OF ENGINEERING PUNE,EMC 2,0.0103
2012,COLLEGE OF ENGINEERING PUNE,CISCO,0.0132
2012,COLLEGE OF ENGINEERING PUNE,AKAMAI,0.0165
2012,COLLEGE OF ENGINEERING PUNE,SAMSUNG,0.0165
2012,COLLEGE OF ENGINEERING PUNE,KPMG,0.0247
2012,COLLEGE OF ENGINEERING PUNE,ACCENTURE,0.0329
2012,COLLEGE OF ENGINEERING PUNE,HONEYWELL,0.035
2012,COLLEGE OF ENGINEERING PUNE,WIPRO,0.0449
2012,COLLEGE OF ENGINEERING PUNE,MU SIGMA,0.0679
2012,COLLEGE OF ENGINEERING PUNE,INFOSYS,0.0967
2012,COLLEGE OF ENGINEERING PUNE,IGATE,0.1054
2012,COLLEGE OF ENGINEERING PUNE,COGNIZANT,0.119
2012,COLLEGE OF ENGINEERING PUNE,HCL,0.1853
2012,COLLEGE OF ENGINEERING PUNE,TCS,0.2231
2012,DELHI COLLEGE OF ENGINEERING,CISCO,0.0118
2012,DELHI COLLEGE OF ENGINEERING,CAPGEMINI,0.0137
2012,DELHI COLLEGE OF ENGINEERING,KPMG,0.0157
2012,DELHI COLLEGE OF ENGINEERING,JP MORGAN,0.0176
2012,DELHI COLLEGE OF ENGINEERING,AKAMAI,0.018
2012,DELHI COLLEGE OF ENGINEERING,VMWARE,0.022
2012,DELHI COLLEGE OF ENGINEERING,SAMSUNG,0.0235
2012,DELHI COLLEGE OF ENGINEERING,ACCENTURE,0.0314
2012,DELHI COLLEGE OF ENGINEERING,HCL,0.047
2012,DELHI COLLEGE OF ENGINEERING,WIPRO,0.047
2012,DELHI COLLEGE OF ENGINEERING,MU SIGMA,0.0604
2012,DELHI COLLEGE OF ENGINEERING,HONEYWELL,0.0647
2012,DELHI COLLEGE OF ENGINEERING,INFOSYS,0.098
2012,DELHI COLLEGE OF ENGINEERING,COGNIZANT,0.1176
2012,DELHI COLLEGE OF ENGINEERING,IGATE,0.1568
2012,DELHI COLLEGE OF ENGINEERING,TCS,0.2548
2012,DHIRUBHAI AMBANI INSTITUTE OF INFORMATION AND TECHNOLOGY,CAPGEMINI,0.0039
2012,DHIRUBHAI AMBANI INSTITUTE OF INFORMATION AND TECHNOLOGY,VMWARE,0.0075
2012,DHIRUBHAI AMBANI INSTITUTE OF INFORMATION AND TECHNOLOGY,JP MORGAN,0.0105
2012,DHIRUBHAI AMBANI INSTITUTE OF INFORMATION AND TECHNOLOGY,SAMSUNG,0.0117
2012,DHIRUBHAI AMBANI INSTITUTE OF INFORMATION AND TECHNOLOGY,KPMG,0.0165
2012,DHIRUBHAI AMBANI INSTITUTE OF INFORMATION AND TECHNOLOGY,HONEYWELL,0.0181
2012,DHIRUBHAI AMBANI INSTITUTE OF INFORMATION AND TECHNOLOGY,AKAMAI,0.0226
2012,DHIRUBHAI AMBANI INSTITUTE OF INFORMATION AND TECHNOLOGY,ACCENTURE,0.0301
2012,DHIRUBHAI AMBANI INSTITUTE OF INFORMATION AND TECHNOLOGY,MU SIGMA,0.0602
2012,DHIRUBHAI AMBANI INSTITUTE OF INFORMATION AND TECHNOLOGY,WIPRO,0.0752
2012,DHIRUBHAI AMBANI INSTITUTE OF INFORMATION AND TECHNOLOGY,COGNIZANT,0.1173
2012,DHIRUBHAI AMBANI INSTITUTE OF INFORMATION AND TECHNOLOGY,HCL,0.1303
2012,DHIRUBHAI AMBANI INSTITUTE OF INFORMATION AND TECHNOLOGY,INFOSYS,0.1354
2012,DHIRUBHAI AMBANI INSTITUTE OF INFORMATION AND TECHNOLOGY,IGATE,0.1655
2012,DHIRUBHAI AMBANI INSTITUTE OF INFORMATION AND TECHNOLOGY,TCS,0.1952
2012,IIIT HYDERBAD,GOOGLE,0.0038
2012,IIIT HYDERBAD,CISCO,0.0076
2012,IIIT HYDERBAD,EMC 2,0.0091
2012,IIIT HYDERBAD,MICROSOFT,0.0099
2012,IIIT HYDERBAD,CAPGEMINI,0.0107
2012,IIIT HYDERBAD,MU SIGMA,0.0152
2012,IIIT HYDERBAD,SAMSUNG,0.019
2012,IIIT HYDERBAD,VMWARE,0.0228
2012,IIIT HYDERBAD,HONEYWELL,0.0381
2012,IIIT HYDERBAD,KPMG,0.0441
2012,IIIT HYDERBAD,COGNIZANT,0.0464
2012,IIIT HYDERBAD,AKAMAI,0.0472
2012,IIIT HYDERBAD,JP MORGAN,0.0533
2012,IIIT HYDERBAD,IGATE,0.0556
2012,IIIT HYDERBAD,INFOSYS,0.0609
2012,IIIT HYDERBAD,WIPRO,0.0677
2012,IIIT HYDERBAD,ACCENTURE,0.1248
2012,IIIT HYDERBAD,TCS,0.137
2012,IIIT HYDERBAD,HCL,0.2268
2012,IIT DELHI,FACEBOOK,0.0013
2012,IIT DELHI,GOOGLE,0.0027
2012,IIT DELHI,CISCO,0.0054
2012,IIT DELHI,MICROSOFT,0.0054
2012,IIT DELHI,CAPGEMINI,0.0067
2012,IIT DELHI,EMC 2,0.0101
2012,IIT DELHI,AKAMAI,0.0151
2012,IIT DELHI,SAMSUNG,0.0225
2012,IIT DELHI,JP MORGAN,0.0235
2012,IIT DELHI,KPMG,0.0235
2012,IIT DELHI,MU SIGMA,0.0268
2012,IIT DELHI,VMWARE,0.0335
2012,IIT DELHI,HONEYWELL,0.0342
2012,IIT DELHI,ACCENTURE,0.0402
2012,IIT DELHI,INFOSYS,0.067
2012,IIT DELHI,WIPRO,0.0905
2012,IIT DELHI,HCL,0.1006
2012,IIT DELHI,TCS,0.1173
2012,IIT DELHI,COGNIZANT,0.1726
2012,IIT DELHI,IGATE,0.2011
2012,IIT GUWAHATI,MICROSOFT,0.0066
2012,IIT GUWAHATI,FACEBOOK,0.0066
2012,IIT GUWAHATI,CISCO,0.0073
2012,IIT GUWAHATI,CAPGEMINI,0.0073
2012,IIT GUWAHATI,EMC 2,0.0088
2012,IIT GUWAHATI,GOOGLE,0.0088
2012,IIT GUWAHATI,HONEYWELL,0.0198
2012,IIT GUWAHATI,VMWARE,0.0249
2012,IIT GUWAHATI,SAMSUNG,0.0249
2012,IIT GUWAHATI,MU SIGMA,0.0249
2012,IIT GUWAHATI,JP MORGAN,0.0396
2012,IIT GUWAHATI,INFOSYS,0.044
2012,IIT GUWAHATI,KPMG,0.044
2012,IIT GUWAHATI,AKAMAI,0.0476
2012,IIT GUWAHATI,COGNIZANT,0.0586
2012,IIT GUWAHATI,ACCENTURE,0.0696
2012,IIT GUWAHATI,IGATE,0.0733
2012,IIT GUWAHATI,WIPRO,0.0952
2012,IIT GUWAHATI,HCL,0.1685
2012,IIT GUWAHATI,TCS,0.2198
2012,IIT KANPUR,FACEBOOK,0.0018
2012,IIT KANPUR,MICROSOFT,0.0031
2012,IIT KANPUR,CISCO,0.0072
2012,IIT KANPUR,CAPGEMINI,0.009
2012,IIT KANPUR,EMC 2,0.0134
2012,IIT KANPUR,AKAMAI,0.0202
2012,IIT KANPUR,SAMSUNG,0.03
2012,IIT KANPUR,JP MORGAN,0.0314
2012,IIT KANPUR,KPMG,0.0314
2012,IIT KANPUR,MU SIGMA,0.0359
2012,IIT KANPUR,VMWARE,0.0448
2012,IIT KANPUR,HONEYWELL,0.0457
2012,IIT KANPUR,ACCENTURE,0.0538
2012,IIT KANPUR,WIPRO,0.0672
2012,IIT KANPUR,INFOSYS,0.0896
2012,IIT KANPUR,COGNIZANT,0.1121
2012,IIT KANPUR,IGATE,0.1121
2012,IIT KANPUR,HCL,0.1345
2012,IIT KANPUR,TCS,0.1569
2012,IIT KHARAGPUR,FACEBOOK,0.0018
2012,IIT KHARAGPUR,GOOGLE,0.0031
2012,IIT KHARAGPUR,MICROSOFT,0.0031
2012,IIT KHARAGPUR,CISCO,0.0071
2012,IIT KHARAGPUR,CAPGEMINI,0.0089
2012,IIT KHARAGPUR,EMC 2,0.0134
2012,IIT KHARAGPUR,AKAMAI,0.0201
2012,IIT KHARAGPUR,SAMSUNG,0.0299
2012,IIT KHARAGPUR,KPMG,0.0313
2012,IIT KHARAGPUR,JP MORGAN,0.0313
2012,IIT KHARAGPUR,MU SIGMA,0.0357
2012,IIT KHARAGPUR,VMWARE,0.0447
2012,IIT KHARAGPUR,HONEYWELL,0.0456
2012,IIT KHARAGPUR,ACCENTURE,0.0536
2012,IIT KHARAGPUR,WIPRO,0.067
2012,IIT KHARAGPUR,INFOSYS,0.0894
2012,IIT KHARAGPUR,COGNIZANT,0.1117
2012,IIT KHARAGPUR,IGATE,0.1117
2012,IIT KHARAGPUR,HCL,0.134
2012,IIT KHARAGPUR,TCS,0.1564
2012,IIT MADRAS,FACEBOOK,0.0008
2012,IIT MADRAS,GOOGLE,0.0063
2012,IIT MADRAS,EMC 2,0.0071
2012,IIT MADRAS,MICROSOFT,0.0079
2012,IIT MADRAS,CISCO,0.0079
2012,IIT MADRAS,CAPGEMINI,0.0118
2012,IIT MADRAS,SAMSUNG,0.0157
2012,IIT MADRAS,MU SIGMA,0.0196
2012,IIT MADRAS,HONEYWELL,0.0244
2012,IIT MADRAS,VMWARE,0.0267
2012,IIT MADRAS,COGNIZANT,0.0408
2012,IIT MADRAS,KPMG,0.0471
2012,IIT MADRAS,JP MORGAN,0.0495
2012,IIT MADRAS,AKAMAI,0.0511
2012,IIT MADRAS,INFOSYS,0.055
2012,IIT MADRAS,IGATE,0.0628
2012,IIT MADRAS,ACCENTURE,0.0864
2012,IIT MADRAS,WIPRO,0.1021
2012,IIT MADRAS,HCL,0.1807
2012,IIT MADRAS,TCS,0.1964
2012,IIT MUMBAI,GOOGLE,0.0047
2012,IIT MUMBAI,FACEBOOK,0.0063
2012,IIT MUMBAI,CAPGEMINI,0.0079
2012,IIT MUMBAI,MICROSOFT,0.0095
2012,IIT MUMBAI,EMC 2,0.0103
2012,IIT MUMBAI,SAMSUNG,0.0126
2012,IIT MUMBAI,CISCO,0.0142
2012,IIT MUMBAI,MU SIGMA,0.0158
2012,IIT MUMBAI,VMWARE,0.0253
2012,IIT MUMBAI,HONEYWELL,0.0253
2012,IIT MUMBAI,AKAMAI,0.0434
2012,IIT MUMBAI,COGNIZANT,0.0434
2012,IIT MUMBAI,KPMG,0.0434
2012,IIT MUMBAI,IGATE,0.0584
2012,IIT MUMBAI,INFOSYS,0.0592
2012,IIT MUMBAI,JP MORGAN,0.0679
2012,IIT MUMBAI,WIPRO,0.0789
2012,IIT MUMBAI,ACCENTURE,0.1105
2012,IIT MUMBAI,TCS,0.1579
2012,IIT MUMBAI,HCL,0.2052
2012,IIT ROORKEE,FACEBOOK,0.0075
2012,IIT ROORKEE,CAPGEMINI,0.0083
2012,IIT ROORKEE,MICROSOFT,0.0105
2012,IIT ROORKEE,EMC 2,0.0113
2012,IIT ROORKEE,SAMSUNG,0.012
2012,IIT ROORKEE,GOOGLE,0.0136
2012,IIT ROORKEE,CISCO,0.0151
2012,IIT ROORKEE,MU SIGMA,0.0188
2012,IIT ROORKEE,HONEYWELL,0.0264
2012,IIT ROORKEE,VMWARE,0.0264
2012,IIT ROORKEE,COGNIZANT,0.0339
2012,IIT ROORKEE,AKAMAI,0.0377
2012,IIT ROORKEE,KPMG,0.0467
2012,IIT ROORKEE,INFOSYS,0.0497
2012,IIT ROORKEE,IGATE,0.0602
2012,IIT ROORKEE,JP MORGAN,0.0648
2012,IIT ROORKEE,WIPRO,0.0828
2012,IIT ROORKEE,ACCENTURE,0.0828
2012,IIT ROORKEE,TCS,0.1506
2012,IIT ROORKEE,HCL,0.241
2012,"INSTITUTE OF TECHNOLOGY ,BHU",FACEBOOK,0.003
2012,"INSTITUTE OF TECHNOLOGY ,BHU",CISCO,0.0087
2012,"INSTITUTE OF TECHNOLOGY ,BHU",JP MORGAN,0.0129
2012,"INSTITUTE OF TECHNOLOGY ,BHU",SAMSUNG,0.0171
2012,"INSTITUTE OF TECHNOLOGY ,BHU",CAPGEMINI,0.0171
2012,"INSTITUTE OF TECHNOLOGY ,BHU",KPMG,0.019
2012,"INSTITUTE OF TECHNOLOGY ,BHU",VMWARE,0.0213
2012,"INSTITUTE OF TECHNOLOGY ,BHU",EMC 2,0.0247
2012,"INSTITUTE OF TECHNOLOGY ,BHU",ACCENTURE,0.0289
2012,"INSTITUTE OF TECHNOLOGY ,BHU",AKAMAI,0.0388
2012,"INSTITUTE OF TECHNOLOGY ,BHU",HONEYWELL,0.0509
2012,"INSTITUTE OF TECHNOLOGY ,BHU",WIPRO,0.0646
2012,"INSTITUTE OF TECHNOLOGY ,BHU",MU SIGMA,0.0665
2012,"INSTITUTE OF TECHNOLOGY ,BHU",INFOSYS,0.0878
2012,"INSTITUTE OF TECHNOLOGY ,BHU",IGATE,0.0889
2012,"INSTITUTE OF TECHNOLOGY ,BHU",COGNIZANT,0.0965
2012,"INSTITUTE OF TECHNOLOGY ,BHU",HCL,0.1387
2012,"INSTITUTE OF TECHNOLOGY ,BHU",TCS,0.2144
2012,MANIPAL INSTITUTE OF TECHNOLOGY,CAPGEMINI,0.0021
2012,MANIPAL INSTITUTE OF TECHNOLOGY,SAMSUNG,0.0158
2012,MANIPAL INSTITUTE OF TECHNOLOGY,JP MORGAN,0.0158
2012,MANIPAL INSTITUTE OF TECHNOLOGY,KPMG,0.02
2012,MANIPAL INSTITUTE OF TECHNOLOGY,AKAMAI,0.0263
2012,MANIPAL INSTITUTE OF TECHNOLOGY,EMC 2,0.0315
2012,MANIPAL INSTITUTE OF TECHNOLOGY,ACCENTURE,0.0433
2012,MANIPAL INSTITUTE OF TECHNOLOGY,WIPRO,0.0459
2012,MANIPAL INSTITUTE OF TECHNOLOGY,HONEYWELL,0.0525
2012,MANIPAL INSTITUTE OF TECHNOLOGY,MU SIGMA,0.0709
2012,MANIPAL INSTITUTE OF TECHNOLOGY,INFOSYS,0.0722
2012,MANIPAL INSTITUTE OF TECHNOLOGY,COGNIZANT,0.1181
2012,MANIPAL INSTITUTE OF TECHNOLOGY,HCL,0.1181
2012,MANIPAL INSTITUTE OF TECHNOLOGY,IGATE,0.1575
2012,MANIPAL INSTITUTE OF TECHNOLOGY,TCS,0.21
2012,MNNIT ALLAHABAD,CAPGEMINI,0.009
2012,MNNIT ALLAHABAD,JP MORGAN,0.022
2012,MNNIT ALLAHABAD,VMWARE,0.022
2012,MNNIT ALLAHABAD,ACCENTURE,0.0256
2012,MNNIT ALLAHABAD,KPMG,0.0275
2012,MNNIT ALLAHABAD,SAMSUNG,0.0299
2012,MNNIT ALLAHABAD,AKAMAI,0.0401
2012,MNNIT ALLAHABAD,HONEYWELL,0.0417
2012,MNNIT ALLAHABAD,WIPRO,0.0519
2012,MNNIT ALLAHABAD,MU SIGMA,0.0563
2012,MNNIT ALLAHABAD,INFOSYS,0.1007
2012,MNNIT ALLAHABAD,COGNIZANT,0.1086
2012,MNNIT ALLAHABAD,HCL,0.1385
2012,MNNIT ALLAHABAD,IGATE,0.1479
2012,MNNIT ALLAHABAD,TCS,0.1782
2012,PSG COLLEGE OF TECHNOLOGY,CISCO,0.0029
2012,PSG COLLEGE OF TECHNOLOGY,CAPGEMINI,0.0054
2012,PSG COLLEGE OF TECHNOLOGY,VMWARE,0.008
2012,PSG COLLEGE OF TECHNOLOGY,JP MORGAN,0.0096
2012,PSG COLLEGE OF TECHNOLOGY,SAMSUNG,0.0112
2012,PSG COLLEGE OF TECHNOLOGY,AKAMAI,0.0143
2012,PSG COLLEGE OF TECHNOLOGY,KPMG,0.0175
2012,PSG COLLEGE OF TECHNOLOGY,HONEYWELL,0.0271
2012,PSG COLLEGE OF TECHNOLOGY,ACCENTURE,0.0281
2012,PSG COLLEGE OF TECHNOLOGY,MU SIGMA,0.0669
2012,PSG COLLEGE OF TECHNOLOGY,WIPRO,0.0669
2012,PSG COLLEGE OF TECHNOLOGY,COGNIZANT,0.1093
2012,PSG COLLEGE OF TECHNOLOGY,HCL,0.1116
2012,PSG COLLEGE OF TECHNOLOGY,INFOSYS,0.1275
2012,PSG COLLEGE OF TECHNOLOGY,IGATE,0.1705
2012,PSG COLLEGE OF TECHNOLOGY,TCS,0.2231
2012,SRM UNIVERSITY,GOOGLE,0.0006
2012,SRM UNIVERSITY,MICROSOFT,0.0032
2012,SRM UNIVERSITY,CISCO,0.0032
2012,SRM UNIVERSITY,CAPGEMINI,0.0081
2012,SRM UNIVERSITY,VMWARE,0.0097
2012,SRM UNIVERSITY,JP MORGAN,0.0113
2012,SRM UNIVERSITY,EMC 2,0.0162
2012,SRM UNIVERSITY,KPMG,0.0162
2012,SRM UNIVERSITY,SAMSUNG,0.0243
2012,SRM UNIVERSITY,AKAMAI,0.0243
2012,SRM UNIVERSITY,ACCENTURE,0.0324
2012,SRM UNIVERSITY,HONEYWELL,0.0437
2012,SRM UNIVERSITY,MU SIGMA,0.0453
2012,SRM UNIVERSITY,WIPRO,0.0566
2012,SRM UNIVERSITY,INFOSYS,0.0935
2012,SRM UNIVERSITY,COGNIZANT,0.1132
2012,SRM UNIVERSITY,IGATE,0.1262
2012,SRM UNIVERSITY,HCL,0.1553
2012,SRM UNIVERSITY,TCS,0.2168
2012,THAPAR INSTITUTE OF ENGINEERING AND TECHNOLOGY,CISCO,0.0036
2012,THAPAR INSTITUTE OF ENGINEERING AND TECHNOLOGY,CAPGEMINI,0.0061
2012,THAPAR INSTITUTE OF ENGINEERING AND TECHNOLOGY,VMWARE,0.0106
2012,THAPAR INSTITUTE OF ENGINEERING AND TECHNOLOGY,SAMSUNG,0.0122
2012,THAPAR INSTITUTE OF ENGINEERING AND TECHNOLOGY,JP MORGAN,0.0122
2012,THAPAR INSTITUTE OF ENGINEERING AND TECHNOLOGY,EMC 2,0.0152
2012,THAPAR INSTITUTE OF ENGINEERING AND TECHNOLOGY,KPMG,0.0167
2012,THAPAR INSTITUTE OF ENGINEERING AND TECHNOLOGY,AKAMAI,0.021
2012,THAPAR INSTITUTE OF ENGINEERING AND TECHNOLOGY,ACCENTURE,0.0243
2012,THAPAR INSTITUTE OF ENGINEERING AND TECHNOLOGY,HONEYWELL,0.0337
2012,THAPAR INSTITUTE OF ENGINEERING AND TECHNOLOGY,MU SIGMA,0.0425
2012,THAPAR INSTITUTE OF ENGINEERING AND TECHNOLOGY,WIPRO,0.0638
2012,THAPAR INSTITUTE OF ENGINEERING AND TECHNOLOGY,HCL,0.0972
2012,THAPAR INSTITUTE OF ENGINEERING AND TECHNOLOGY,COGNIZANT,0.1063
2012,THAPAR INSTITUTE OF ENGINEERING AND TECHNOLOGY,INFOSYS,0.1215
2012,THAPAR INSTITUTE OF ENGINEERING AND TECHNOLOGY,IGATE,0.1853
2012,THAPAR INSTITUTE OF ENGINEERING AND TECHNOLOGY,TCS,0.2278
2012,VELLORE INSTITUTE OF TECHNOLOGY,CISCO,0.002
2012,VELLORE INSTITUTE OF TECHNOLOGY,CAPGEMINI,0.0027
2012,VELLORE INSTITUTE OF TECHNOLOGY,VMWARE,0.011
2012,VELLORE INSTITUTE OF TECHNOLOGY,SAMSUNG,0.0112
2012,VELLORE INSTITUTE OF TECHNOLOGY,JP MORGAN,0.0112
2012,VELLORE INSTITUTE OF TECHNOLOGY,EMC 2,0.0168
2012,VELLORE INSTITUTE OF TECHNOLOGY,AKAMAI,0.0179
2012,VELLORE INSTITUTE OF TECHNOLOGY,KPMG,0.0179
2012,VELLORE INSTITUTE OF TECHNOLOGY,ACCENTURE,0.0403
2012,VELLORE INSTITUTE OF TECHNOLOGY,HONEYWELL,0.056
2012,VELLORE INSTITUTE OF TECHNOLOGY,HCL,0.0694
2012,VELLORE INSTITUTE OF TECHNOLOGY,MU SIGMA,0.084
2012,VELLORE INSTITUTE OF TECHNOLOGY,WIPRO,0.1075
2012,VELLORE INSTITUTE OF TECHNOLOGY,COGNIZANT,0.1165
2012,VELLORE INSTITUTE OF TECHNOLOGY,INFOSYS,0.1165
2012,VELLORE INSTITUTE OF TECHNOLOGY,IGATE,0.1288
2012,VELLORE INSTITUTE OF TECHNOLOGY,TCS,0.1904
2012,VISHWESHWARAYYA TECHNOLOGICAL UNIVERSITY,GOOGLE,0.0022
2012,VISHWESHWARAYYA TECHNOLOGICAL UNIVERSITY,CISCO,0.0047
2012,VISHWESHWARAYYA TECHNOLOGICAL UNIVERSITY,JP MORGAN,0.005
2012,VISHWESHWARAYYA TECHNOLOGICAL UNIVERSITY,CAPGEMINI,0.005
2012,VISHWESHWARAYYA TECHNOLOGICAL UNIVERSITY,SAMSUNG,0.005
2012,VISHWESHWARAYYA TECHNOLOGICAL UNIVERSITY,KPMG,0.01
2012,VISHWESHWARAYYA TECHNOLOGICAL UNIVERSITY,AKAMAI,0.0149
2012,VISHWESHWARAYYA TECHNOLOGICAL UNIVERSITY,EMC 2,0.0224
2012,VISHWESHWARAYYA TECHNOLOGICAL UNIVERSITY,ACCENTURE,0.0249
2012,VISHWESHWARAYYA TECHNOLOGICAL UNIVERSITY,HONEYWELL,0.0249
2012,VISHWESHWARAYYA TECHNOLOGICAL UNIVERSITY,MU SIGMA,0.0548
2012,VISHWESHWARAYYA TECHNOLOGICAL UNIVERSITY,INFOSYS,0.0871
2012,VISHWESHWARAYYA TECHNOLOGICAL UNIVERSITY,HCL,0.0908
2012,VISHWESHWARAYYA TECHNOLOGICAL UNIVERSITY,WIPRO,0.0933
2012,VISHWESHWARAYYA TECHNOLOGICAL UNIVERSITY,COGNIZANT,0.1244
2012,VISHWESHWARAYYA TECHNOLOGICAL UNIVERSITY,IGATE,0.2066
2012,VISHWESHWARAYYA TECHNOLOGICAL UNIVERSITY,TCS,0.224
2013,BIRLA INSTITUTE OF TECHNOLOGY,MICROSOFT,0.0
2013,BIRLA INSTITUTE OF TECHNOLOGY,VMWARE,0.0107
2013,BIRLA INSTITUTE OF TECHNOLOGY,CAPGEMINI,0.021
2013,BIRLA INSTITUTE OF TECHNOLOGY,MU SIGMA,0.0239
2013,BIRLA INSTITUTE OF TECHNOLOGY,KPMG,0.0271
2013,BIRLA INSTITUTE OF TECHNOLOGY,JP MORGAN,0.0285
2013,BIRLA INSTITUTE OF TECHNOLOGY,SAMSUNG,0.032
2013,BIRLA INSTITUTE OF TECHNOLOGY,HONEYWELL,0.0324
2013,BIRLA INSTITUTE OF TECHNOLOGY,EMC 2,0.0399
2013,BIRLA INSTITUTE OF TECHNOLOGY,WIPRO,0.0449
2013,BIRLA INSTITUTE OF TECHNOLOGY,ACCENTURE,0.0459
2013,BIRLA INSTITUTE OF TECHNOLOGY,AKAMAI,0.0634
2013,BIRLA INSTITUTE OF TECHNOLOGY,HCL,0.078
2013,BIRLA INSTITUTE OF TECHNOLOGY,COGNIZANT,0.0801
2013,BIRLA INSTITUTE OF TECHNOLOGY,INFOSYS,0.1164
2013,BIRLA INSTITUTE OF TECHNOLOGY,IGATE,0.178
2013,BIRLA INSTITUTE OF TECHNOLOGY,TCS,0.178
2013,COLLEGE OF ENGINEERING PUNE,HONEYWELL,0.0128
2013,COLLEGE OF ENGINEERING PUNE,CAPGEMINI,0.0189
2013,COLLEGE OF ENGINEERING PUNE,VMWARE,0.0205
2013,COLLEGE OF ENGINEERING PUNE,AKAMAI,0.0274
2013,COLLEGE OF ENGINEERING PUNE,JP MORGAN,0.0336
2013,COLLEGE OF ENGINEERING PUNE,ACCENTURE,0.0394
2013,COLLEGE OF ENGINEERING PUNE,KPMG,0.0414
2013,COLLEGE OF ENGINEERING PUNE,SAMSUNG,0.056
2013,COLLEGE OF ENGINEERING PUNE,MU SIGMA,0.0595
2013,COLLEGE OF ENGINEERING PUNE,HCL,0.0711
2013,COLLEGE OF ENGINEERING PUNE,WIPRO,0.0715
2013,COLLEGE OF ENGINEERING PUNE,INFOSYS,0.1183
2013,COLLEGE OF ENGINEERING PUNE,IGATE,0.1256
2013,COLLEGE OF ENGINEERING PUNE,TCS,0.1504
2013,COLLEGE OF ENGINEERING PUNE,COGNIZANT,0.1535
2013,DELHI COLLEGE OF ENGINEERING,GOOGLE,0.0026
2013,DELHI COLLEGE OF ENGINEERING,HONEYWELL,0.021
2013,DELHI COLLEGE OF ENGINEERING,CAPGEMINI,0.0262
2013,DELHI COLLEGE OF ENGINEERING,JP MORGAN,0.0273
2013,DELHI COLLEGE OF ENGINEERING,EMC 2,0.0283
2013,DELHI COLLEGE OF ENGINEERING,AKAMAI,0.032
2013,DELHI COLLEGE OF ENGINEERING,KPMG,0.0352
2013,DELHI COLLEGE OF ENGINEERING,SAMSUNG,0.0362
2013,DELHI COLLEGE OF ENGINEERING,HCL,0.0499
2013,DELHI COLLEGE OF ENGINEERING,ACCENTURE,0.0525
2013,DELHI COLLEGE OF ENGINEERING,MU SIGMA,0.0551
2013,DELHI COLLEGE OF ENGINEERING,COGNIZANT,0.0982
2013,DELHI COLLEGE OF ENGINEERING,TCS,0.106
2013,DELHI COLLEGE OF ENGINEERING,INFOSYS,0.1192
2013,DELHI COLLEGE OF ENGINEERING,IGATE,0.1501
2013,DELHI COLLEGE OF ENGINEERING,WIPRO,0.1601
2013,DHIRUBHAI AMBANI INSTITUTE OF INFORMATION AND TECHNOLOGY,GOOGLE,0.0073
2013,DHIRUBHAI AMBANI INSTITUTE OF INFORMATION AND TECHNOLOGY,SAMSUNG,0.0243
2013,DHIRUBHAI AMBANI INSTITUTE OF INFORMATION AND TECHNOLOGY,HONEYWELL,0.0255
2013,DHIRUBHAI AMBANI INSTITUTE OF INFORMATION AND TECHNOLOGY,VMWARE,0.0328
2013,DHIRUBHAI AMBANI INSTITUTE OF INFORMATION AND TECHNOLOGY,AKAMAI,0.0352
2013,DHIRUBHAI AMBANI INSTITUTE OF INFORMATION AND TECHNOLOGY,CAPGEMINI,0.0352
2013,DHIRUBHAI AMBANI INSTITUTE OF INFORMATION AND TECHNOLOGY,EMC 2,0.0388
2013,DHIRUBHAI AMBANI INSTITUTE OF INFORMATION AND TECHNOLOGY,ACCENTURE,0.0437
2013,DHIRUBHAI AMBANI INSTITUTE OF INFORMATION AND TECHNOLOGY,KPMG,0.0437
2013,DHIRUBHAI AMBANI INSTITUTE OF INFORMATION AND TECHNOLOGY,JP MORGAN,0.0449
2013,DHIRUBHAI AMBANI INSTITUTE OF INFORMATION AND TECHNOLOGY,INFOSYS,0.0473
2013,DHIRUBHAI AMBANI INSTITUTE OF INFORMATION AND TECHNOLOGY,COGNIZANT,0.0595
2013,DHIRUBHAI AMBANI INSTITUTE OF INFORMATION AND TECHNOLOGY,TCS,0.0716
2013,DHIRUBHAI AMBANI INSTITUTE OF INFORMATION AND TECHNOLOGY,IGATE,0.0898
2013,DHIRUBHAI AMBANI INSTITUTE OF INFORMATION AND TECHNOLOGY,MU SIGMA,0.1177
2013,DHIRUBHAI AMBANI INSTITUTE OF INFORMATION AND TECHNOLOGY,WIPRO,0.1226
2013,DHIRUBHAI AMBANI INSTITUTE OF INFORMATION AND TECHNOLOGY,HCL,0.1602
2013,IIIT HYDERBAD,EMC 2,0.0
2013,IIIT HYDERBAD,AKAMAI,0.0
2013,IIIT HYDERBAD,GOOGLE,0.0007
2013,IIIT HYDERBAD,MICROSOFT,0.001
2013,IIIT HYDERBAD,CISCO,0.001
2013,IIIT HYDERBAD,CAPGEMINI,0.006
2013,IIIT HYDERBAD,SAMSUNG,0.03
2013,IIIT HYDERBAD,MU SIGMA,0.0334
2013,IIIT HYDERBAD,INFOSYS,0.0364
2013,IIIT HYDERBAD,KPMG,0.0367
2013,IIIT HYDERBAD,VMWARE,0.0434
2013,IIIT HYDERBAD,JP MORGAN,0.0564
2013,IIIT HYDERBAD,HONEYWELL,0.0611
2013,IIIT HYDERBAD,ACCENTURE,0.0614
2013,IIIT HYDERBAD,WIPRO,0.0667
2013,IIIT HYDERBAD,COGNIZANT,0.1031
2013,IIIT HYDERBAD,IGATE,0.1468
2013,IIIT HYDERBAD,TCS,0.1528
2013,IIIT HYDERBAD,HCL,0.1632
2013,IIT DELHI,FACEBOOK,0.0041
2013,IIT DELHI,GOOGLE,0.0061
2013,IIT DELHI,CAPGEMINI,0.0178
2013,IIT DELHI,CISCO,0.0254
2013,IIT DELHI,VMWARE,0.0284
2013,IIT DELHI,SAMSUNG,0.0284
2013,IIT DELHI,KPMG,0.0432
2013,IIT DELHI,JP MORGAN,0.0452
2013,IIT DELHI,AKAMAI,0.0457
2013,IIT DELHI,EMC 2,0.0538
2013,IIT DELHI,HONEYWELL,0.0538
2013,IIT DELHI,ACCENTURE,0.0549
2013,IIT DELHI,MU SIGMA,0.0792
2013,IIT DELHI,HCL,0.132
2013,IIT DELHI,INFOSYS,0.1788
2013,IIT DELHI,TCS,0.2031
2013,IIT GUWAHATI,GOOGLE,0.0022
2013,IIT GUWAHATI,FACEBOOK,0.003
2013,IIT GUWAHATI,MICROSOFT,0.0032
2013,IIT GUWAHATI,CAPGEMINI,0.0151
2013,IIT GUWAHATI,EMC 2,0.0242
2013,IIT GUWAHATI,SAMSUNG,0.0242
2013,IIT GUWAHATI,JP MORGAN,0.0242
2013,IIT GUWAHATI,ACCENTURE,0.0256
2013,IIT GUWAHATI,CISCO,0.0293
2013,IIT GUWAHATI,VMWARE,0.0331
2013,IIT GUWAHATI,KPMG,0.042
2013,IIT GUWAHATI,HONEYWELL,0.0508
2013,IIT GUWAHATI,WIPRO,0.0552
2013,IIT GUWAHATI,AKAMAI,0.0659
2013,IIT GUWAHATI,INFOSYS,0.0675
2013,IIT GUWAHATI,MU SIGMA,0.0877
2013,IIT GUWAHATI,IGATE,0.0958
2013,IIT GUWAHATI,COGNIZANT,0.0982
2013,IIT GUWAHATI,HCL,0.1071
2013,IIT GUWAHATI,TCS,0.1458
2013,IIT KANPUR,SAMSUNG,0.0017
2013,IIT KANPUR,CAPGEMINI,0.0026
2013,IIT KANPUR,MICROSOFT,0.0026
2013,IIT KANPUR,CISCO,0.0026
2013,IIT KANPUR,GOOGLE,0.0035
2013,IIT KANPUR,FACEBOOK,0.0041
2013,IIT KANPUR,MU SIGMA,0.0282
2013,IIT KANPUR,EMC 2,0.03
2013,IIT KANPUR,ACCENTURE,0.0323
2013,IIT KANPUR,KPMG,0.0419
2013,IIT KANPUR,VMWARE,0.0486
2013,IIT KANPUR,WIPRO,0.0532
2013,IIT KANPUR,AKAMAI,0.055
2013,IIT KANPUR,HONEYWELL,0.0608
2013,IIT KANPUR,JP MORGAN,0.0614
2013,IIT KANPUR,IGATE,0.0701
2013,IIT KANPUR,INFOSYS,0.1044
2013,IIT KANPUR,COGNIZANT,0.1131
2013,IIT KANPUR,HCL,0.1157
2013,IIT KANPUR,TCS,0.1684
2013,IIT KHARAGPUR,FACEBOOK,0.0029
2013,IIT KHARAGPUR,MICROSOFT,0.0039
2013,IIT KHARAGPUR,CAPGEMINI,0.0183
2013,IIT KHARAGPUR,CISCO,0.0197
2013,IIT KHARAGPUR,JP MORGAN,0.0262
2013,IIT KHARAGPUR,SAMSUNG,0.0295
2013,IIT KHARAGPUR,WIPRO,0.0393
2013,IIT KHARAGPUR,EMC 2,0.0393
2013,IIT KHARAGPUR,KPMG,0.0393
2013,IIT KHARAGPUR,ACCENTURE,0.0413
2013,IIT KHARAGPUR,HONEYWELL,0.0491
2013,IIT KHARAGPUR,AKAMAI,0.0491
2013,IIT KHARAGPUR,COGNIZANT,0.0491
2013,IIT KHARAGPUR,VMWARE,0.0655
2013,IIT KHARAGPUR,IGATE,0.0819
2013,IIT KHARAGPUR,MU SIGMA,0.0819
2013,IIT KHARAGPUR,INFOSYS,0.0849
2013,IIT KHARAGPUR,TCS,0.0983
2013,IIT KHARAGPUR,HCL,0.1802
2013,IIT MADRAS,GOOGLE,0.0032
2013,IIT MADRAS,CAPGEMINI,0.0211
2013,IIT MADRAS,JP MORGAN,0.0238
2013,IIT MADRAS,CISCO,0.028
2013,IIT MADRAS,SAMSUNG,0.0317
2013,IIT MADRAS,VMWARE,0.0328
2013,IIT MADRAS,ACCENTURE,0.033
2013,IIT MADRAS,KPMG,0.0349
2013,IIT MADRAS,AKAMAI,0.0396
2013,IIT MADRAS,WIPRO,0.0396
2013,IIT MADRAS,EMC 2,0.0396
2013,IIT MADRAS,INFOSYS,0.0687
2013,IIT MADRAS,MU SIGMA,0.0793
2013,IIT MADRAS,COGNIZANT,0.0793
2013,IIT MADRAS,IGATE,0.0793
2013,IIT MADRAS,HONEYWELL,0.1057
2013,IIT MADRAS,TCS,0.1136
2013,IIT MADRAS,HCL,0.1469
2013,IIT MUMBAI,GOOGLE,0.0033
2013,IIT MUMBAI,MICROSOFT,0.0037
2013,IIT MUMBAI,FACEBOOK,0.0045
2013,IIT MUMBAI,CISCO,0.0082
2013,IIT MUMBAI,SAMSUNG,0.0184
2013,IIT MUMBAI,VMWARE,0.0205
2013,IIT MUMBAI,CAPGEMINI,0.0205
2013,IIT MUMBAI,KPMG,0.0246
2013,IIT MUMBAI,ACCENTURE,0.0328
2013,IIT MUMBAI,EMC 2,0.041
2013,IIT MUMBAI,HONEYWELL,0.041
2013,IIT MUMBAI,INFOSYS,0.043
2013,IIT MUMBAI,WIPRO,0.0434
2013,IIT MUMBAI,JP MORGAN,0.045
2013,IIT MUMBAI,AKAMAI,0.0491
2013,IIT MUMBAI,MU SIGMA,0.1048
2013,IIT MUMBAI,COGNIZANT,0.1048
2013,IIT MUMBAI,IGATE,0.1229
2013,IIT MUMBAI,HCL,0.1229
2013,IIT MUMBAI,TCS,0.1458
2013,IIT ROORKEE,FACEBOOK,0.0016
2013,IIT ROORKEE,GOOGLE,0.0037
2013,IIT ROORKEE,MICROSOFT,0.0049
2013,IIT ROORKEE,SAMSUNG,0.0082
2013,IIT ROORKEE,JP MORGAN,0.0164
2013,IIT ROORKEE,ACCENTURE,0.0164
2013,IIT ROORKEE,CISCO,0.0247
2013,IIT ROORKEE,EMC 2,0.0247
2013,IIT ROORKEE,WIPRO,0.0329
2013,IIT ROORKEE,CAPGEMINI,0.0329
2013,IIT ROORKEE,KPMG,0.0329
2013,IIT ROORKEE,VMWARE,0.0403
2013,IIT ROORKEE,AKAMAI,0.0448
2013,IIT ROORKEE,HONEYWELL,0.0493
2013,IIT ROORKEE,MU SIGMA,0.0641
2013,IIT ROORKEE,COGNIZANT,0.0822
2013,IIT ROORKEE,IGATE,0.1053
2013,IIT ROORKEE,INFOSYS,0.1234
2013,IIT ROORKEE,TCS,0.1447
2013,IIT ROORKEE,HCL,0.1464
2013,"INSTITUTE OF TECHNOLOGY ,BHU",HCL,0.0272
2013,"INSTITUTE OF TECHNOLOGY ,BHU",CAPGEMINI,0.0298
2013,"INSTITUTE OF TECHNOLOGY ,BHU",HONEYWELL,0.035
2013,"INSTITUTE OF TECHNOLOGY ,BHU",EMC 2,0.0376
2013,"INSTITUTE OF TECHNOLOGY ,BHU",AKAMAI,0.0376
2013,"INSTITUTE OF TECHNOLOGY ,BHU",KPMG,0.0479
2013,"INSTITUTE OF TECHNOLOGY ,BHU",ACCENTURE,0.0531
2013,"INSTITUTE OF TECHNOLOGY ,BHU",INFOSYS,0.0609
2013,"INSTITUTE OF TECHNOLOGY ,BHU",JP MORGAN,0.0661
2013,"INSTITUTE OF TECHNOLOGY ,BHU",SAMSUNG,0.0725
2013,"INSTITUTE OF TECHNOLOGY ,BHU",COGNIZANT,0.0868
2013,"INSTITUTE OF TECHNOLOGY ,BHU",IGATE,0.0868
2013,"INSTITUTE OF TECHNOLOGY ,BHU",WIPRO,0.171
2013,"INSTITUTE OF TECHNOLOGY ,BHU",TCS,0.1878
2013,MANIPAL INSTITUTE OF TECHNOLOGY,HONEYWELL,0.0253
2013,MANIPAL INSTITUTE OF TECHNOLOGY,SAMSUNG,0.0282
2013,MANIPAL INSTITUTE OF TECHNOLOGY,CAPGEMINI,0.0299
2013,MANIPAL INSTITUTE OF TECHNOLOGY,VMWARE,0.0311
2013,MANIPAL INSTITUTE OF TECHNOLOGY,KPMG,0.034
2013,MANIPAL INSTITUTE OF TECHNOLOGY,AKAMAI,0.0403
2013,MANIPAL INSTITUTE OF TECHNOLOGY,EMC 2,0.0415
2013,MANIPAL INSTITUTE OF TECHNOLOGY,JP MORGAN,0.0455
2013,MANIPAL INSTITUTE OF TECHNOLOGY,ACCENTURE,0.0702
2013,MANIPAL INSTITUTE OF TECHNOLOGY,WIPRO,0.0777
2013,MANIPAL INSTITUTE OF TECHNOLOGY,INFOSYS,0.0783
2013,MANIPAL INSTITUTE OF TECHNOLOGY,HCL,0.1007
2013,MANIPAL INSTITUTE OF TECHNOLOGY,MU SIGMA,0.1117
2013,MANIPAL INSTITUTE OF TECHNOLOGY,COGNIZANT,0.1192
2013,MANIPAL INSTITUTE OF TECHNOLOGY,IGATE,0.1664
2013,MNNIT ALLAHABAD,HCL,0.004
2013,MNNIT ALLAHABAD,CISCO,0.004
2013,MNNIT ALLAHABAD,CAPGEMINI,0.0223
2013,MNNIT ALLAHABAD,HONEYWELL,0.0324
2013,MNNIT ALLAHABAD,VMWARE,0.0344
2013,MNNIT ALLAHABAD,AKAMAI,0.0364
2013,MNNIT ALLAHABAD,EMC 2,0.0364
2013,MNNIT ALLAHABAD,JP MORGAN,0.0395
2013,MNNIT ALLAHABAD,KPMG,0.0476
2013,MNNIT ALLAHABAD,ACCENTURE,0.0496
2013,MNNIT ALLAHABAD,SAMSUNG,0.0749
2013,MNNIT ALLAHABAD,COGNIZANT,0.0779
2013,MNNIT ALLAHABAD,TCS,0.083
2013,MNNIT ALLAHABAD,WIPRO,0.1488
2013,MNNIT ALLAHABAD,MU SIGMA,0.1488
2013,MNNIT ALLAHABAD,IGATE,0.1599
2013,PSG COLLEGE OF TECHNOLOGY,MICROSOFT,0.0061
2013,PSG COLLEGE OF TECHNOLOGY,CISCO,0.0079
2013,PSG COLLEGE OF TECHNOLOGY,CAPGEMINI,0.0307
2013,PSG COLLEGE OF TECHNOLOGY,HONEYWELL,0.0316
2013,PSG COLLEGE OF TECHNOLOGY,SAMSUNG,0.0351
2013,PSG COLLEGE OF TECHNOLOGY,AKAMAI,0.036
2013,PSG COLLEGE OF TECHNOLOGY,KPMG,0.043
2013,PSG COLLEGE OF TECHNOLOGY,ACCENTURE,0.0562
2013,PSG COLLEGE OF TECHNOLOGY,JP MORGAN,0.0606
2013,PSG COLLEGE OF TECHNOLOGY,INFOSYS,0.086
2013,PSG COLLEGE OF TECHNOLOGY,HCL,0.0975
2013,PSG COLLEGE OF TECHNOLOGY,WIPRO,0.1106
2013,PSG COLLEGE OF TECHNOLOGY,TCS,0.1133
2013,PSG COLLEGE OF TECHNOLOGY,COGNIZANT,0.1291
2013,PSG COLLEGE OF TECHNOLOGY,IGATE,0.1563
2013,SRM UNIVERSITY,MICROSOFT,0.0009
2013,SRM UNIVERSITY,FACEBOOK,0.0033
2013,SRM UNIVERSITY,VMWARE,0.0091
2013,SRM UNIVERSITY,CAPGEMINI,0.0179
2013,SRM UNIVERSITY,KPMG,0.023
2013,SRM UNIVERSITY,CISCO,0.023
2013,SRM UNIVERSITY,JP MORGAN,0.0242
2013,SRM UNIVERSITY,SAMSUNG,0.0273
2013,SRM UNIVERSITY,HONEYWELL,0.0276
2013,SRM UNIVERSITY,EMC 2,0.03
2013,SRM UNIVERSITY,MU SIGMA,0.0324
2013,SRM UNIVERSITY,ACCENTURE,0.0391
2013,SRM UNIVERSITY,AKAMAI,0.0478
2013,SRM UNIVERSITY,WIPRO,0.0533
2013,SRM UNIVERSITY,HCL,0.0772
2013,SRM UNIVERSITY,COGNIZANT,0.0893
2013,SRM UNIVERSITY,INFOSYS,0.099
2013,SRM UNIVERSITY,IGATE,0.1514
2013,SRM UNIVERSITY,TCS,0.2241
2013,THAPAR INSTITUTE OF ENGINEERING AND TECHNOLOGY,CISCO,0.0106
2013,THAPAR INSTITUTE OF ENGINEERING AND TECHNOLOGY,HONEYWELL,0.024
2013,THAPAR INSTITUTE OF ENGINEERING AND TECHNOLOGY,SAMSUNG,0.0252
2013,THAPAR INSTITUTE OF ENGINEERING AND TECHNOLOGY,VMWARE,0.0302
2013,THAPAR INSTITUTE OF ENGINEERING AND TECHNOLOGY,CAPGEMINI,0.033
2013,THAPAR INSTITUTE OF ENGINEERING AND TECHNOLOGY,KPMG,0.0375
2013,THAPAR INSTITUTE OF ENGINEERING AND TECHNOLOGY,AKAMAI,0.0397
2013,THAPAR INSTITUTE OF ENGINEERING AND TECHNOLOGY,JP MORGAN,0.0458
2013,THAPAR INSTITUTE OF ENGINEERING AND TECHNOLOGY,ACCENTURE,0.0626
2013,THAPAR INSTITUTE OF ENGINEERING AND TECHNOLOGY,INFOSYS,0.0704
2013,THAPAR INSTITUTE OF ENGINEERING AND TECHNOLOGY,MU SIGMA,0.0917
2013,THAPAR INSTITUTE OF ENGINEERING AND TECHNOLOGY,WIPRO,0.1034
2013,THAPAR INSTITUTE OF ENGINEERING AND TECHNOLOGY,COGNIZANT,0.1101
2013,THAPAR INSTITUTE OF ENGINEERING AND TECHNOLOGY,TCS,0.1397
2013,THAPAR INSTITUTE OF ENGINEERING AND TECHNOLOGY,IGATE,0.1761
2013,VELLORE INSTITUTE OF TECHNOLOGY,HONEYWELL,0.0252
2013,VELLORE INSTITUTE OF TECHNOLOGY,VMWARE,0.0277
2013,VELLORE INSTITUTE OF TECHNOLOGY,SAMSUNG,0.0284
2013,VELLORE INSTITUTE OF TECHNOLOGY,CAPGEMINI,0.0315
2013,VELLORE INSTITUTE OF TECHNOLOGY,JP MORGAN,0.0328
2013,VELLORE INSTITUTE OF TECHNOLOGY,AKAMAI,0.0384
2013,VELLORE INSTITUTE OF TECHNOLOGY,KPMG,0.0422
2013,VELLORE INSTITUTE OF TECHNOLOGY,HCL,0.0599
2013,VELLORE INSTITUTE OF TECHNOLOGY,ACCENTURE,0.063
2013,VELLORE INSTITUTE OF TECHNOLOGY,MU SIGMA,0.0668
2013,VELLORE INSTITUTE OF TECHNOLOGY,INFOSYS,0.0756
2013,VELLORE INSTITUTE OF TECHNOLOGY,WIPRO,0.0914
2013,VELLORE INSTITUTE OF TECHNOLOGY,COGNIZANT,0.0926
2013,VELLORE INSTITUTE OF TECHNOLOGY,TCS,0.126
2013,VELLORE INSTITUTE OF TECHNOLOGY,IGATE,0.1985
2013,VISHWESHWARAYYA TECHNOLOGICAL UNIVERSITY,FACEBOOK,0.0019
2013,VISHWESHWARAYYA TECHNOLOGICAL UNIVERSITY,CISCO,0.0047
2013,VISHWESHWARAYYA TECHNOLOGICAL UNIVERSITY,AKAMAI,0.0177
2013,VISHWESHWARAYYA TECHNOLOGICAL UNIVERSITY,CAPGEMINI,0.0252
2013,VISHWESHWARAYYA TECHNOLOGICAL UNIVERSITY,SAMSUNG,0.0289
2013,VISHWESHWARAYYA TECHNOLOGICAL UNIVERSITY,HONEYWELL,0.0317
2013,VISHWESHWARAYYA TECHNOLOGICAL UNIVERSITY,KPMG,0.0317
2013,VISHWESHWARAYYA TECHNOLOGICAL UNIVERSITY,VMWARE,0.0364
2013,VISHWESHWARAYYA TECHNOLOGICAL UNIVERSITY,JP MORGAN,0.0438
2013,VISHWESHWARAYYA TECHNOLOGICAL UNIVERSITY,ACCENTURE,0.0532
2013,VISHWESHWARAYYA TECHNOLOGICAL UNIVERSITY,COGNIZANT,0.0681
2013,VISHWESHWARAYYA TECHNOLOGICAL UNIVERSITY,INFOSYS,0.07
2013,VISHWESHWARAYYA TECHNOLOGICAL UNIVERSITY,IGATE,0.0886
2013,VISHWESHWARAYYA TECHNOLOGICAL UNIVERSITY,HCL,0.1026
2013,VISHWESHWARAYYA TECHNOLOGICAL UNIVERSITY,MU SIGMA,0.1129
2013,VISHWESHWARAYYA TECHNOLOGICAL UNIVERSITY,WIPRO,0.1371
2013,VISHWESHWARAYYA TECHNOLOGICAL UNIVERSITY,TCS,0.1455
2014,BIRLA INSTITUTE OF TECHNOLOGY,MU SIGMA,0.0099
2014,BIRLA INSTITUTE OF TECHNOLOGY,AKAMAI,0.0132
2014,BIRLA INSTITUTE OF TECHNOLOGY,ACCENTURE,0.0178
2014,BIRLA INSTITUTE OF TECHNOLOGY,HONEYWELL,0.0271
2014,BIRLA INSTITUTE OF TECHNOLOGY,SAMSUNG,0.0337
2014,BIRLA INSTITUTE OF TECHNOLOGY,VMWARE,0.039
2014,BIRLA INSTITUTE OF TECHNOLOGY,KPMG,0.0403
2014,BIRLA INSTITUTE OF TECHNOLOGY,CAPGEMINI,0.0456
2014,BIRLA INSTITUTE OF TECHNOLOGY,JP MORGAN,0.0502
2014,BIRLA INSTITUTE OF TECHNOLOGY,WIPRO,0.0799
2014,BIRLA INSTITUTE OF TECHNOLOGY,COGNIZANT,0.0964
2014,BIRLA INSTITUTE OF TECHNOLOGY,INFOSYS,0.1077
2014,BIRLA INSTITUTE OF TECHNOLOGY,HCL,0.1321
2014,BIRLA INSTITUTE OF TECHNOLOGY,TCS,0.1453
2014,BIRLA INSTITUTE OF TECHNOLOGY,IGATE,0.1618
2014,COLLEGE OF ENGINEERING PUNE,MU SIGMA,0.0116
2014,COLLEGE OF ENGINEERING PUNE,AKAMAI,0.015
2014,COLLEGE OF ENGINEERING PUNE,JP MORGAN,0.0324
2014,COLLEGE OF ENGINEERING PUNE,CAPGEMINI,0.0334
2014,COLLEGE OF ENGINEERING PUNE,HONEYWELL,0.0387
2014,COLLEGE OF ENGINEERING PUNE,SAMSUNG,0.0392
2014,COLLEGE OF ENGINEERING PUNE,KPMG,0.0402
2014,COLLEGE OF ENGINEERING PUNE,EMC 2,0.0455
2014,COLLEGE OF ENGINEERING PUNE,ACCENTURE,0.0469
2014,COLLEGE OF ENGINEERING PUNE,CISCO,0.0484
2014,COLLEGE OF ENGINEERING PUNE,COGNIZANT,0.0764
2014,COLLEGE OF ENGINEERING PUNE,INFOSYS,0.0842
2014,COLLEGE OF ENGINEERING PUNE,WIPRO,0.1026
2014,COLLEGE OF ENGINEERING PUNE,TCS,0.1229
2014,COLLEGE OF ENGINEERING PUNE,IGATE,0.1292
2014,COLLEGE OF ENGINEERING PUNE,HCL,0.1335
2014,DELHI COLLEGE OF ENGINEERING,MU SIGMA,0.0101
2014,DELHI COLLEGE OF ENGINEERING,AKAMAI,0.0138
2014,DELHI COLLEGE OF ENGINEERING,ACCENTURE,0.0175
2014,DELHI COLLEGE OF ENGINEERING,HONEYWELL,0.0185
2014,DELHI COLLEGE OF ENGINEERING,VMWARE,0.0365
2014,DELHI COLLEGE OF ENGINEERING,SAMSUNG,0.0397
2014,DELHI COLLEGE OF ENGINEERING,KPMG,0.0444
2014,DELHI COLLEGE OF ENGINEERING,JP MORGAN,0.0466
2014,DELHI COLLEGE OF ENGINEERING,EMC 2,0.0466
2014,DELHI COLLEGE OF ENGINEERING,CISCO,0.0471
2014,DELHI COLLEGE OF ENGINEERING,CAPGEMINI,0.0519
2014,DELHI COLLEGE OF ENGINEERING,COGNIZANT,0.0778
2014,DELHI COLLEGE OF ENGINEERING,INFOSYS,0.0778
2014,DELHI COLLEGE OF ENGINEERING,WIPRO,0.082
2014,DELHI COLLEGE OF ENGINEERING,HCL,0.1169
2014,DELHI COLLEGE OF ENGINEERING,TCS,0.1328
2014,DELHI COLLEGE OF ENGINEERING,IGATE,0.1402
2014,DHIRUBHAI AMBANI INSTITUTE OF INFORMATION AND TECHNOLOGY,MU SIGMA,0.0068
2014,DHIRUBHAI AMBANI INSTITUTE OF INFORMATION AND TECHNOLOGY,AKAMAI,0.0129
2014,DHIRUBHAI AMBANI INSTITUTE OF INFORMATION AND TECHNOLOGY,ACCENTURE,0.0203
2014,DHIRUBHAI AMBANI INSTITUTE OF INFORMATION AND TECHNOLOGY,HONEYWELL,0.0252
2014,DHIRUBHAI AMBANI INSTITUTE OF INFORMATION AND TECHNOLOGY,SAMSUNG,0.0485
2014,DHIRUBHAI AMBANI INSTITUTE OF INFORMATION AND TECHNOLOGY,KPMG,0.0485
2014,DHIRUBHAI AMBANI INSTITUTE OF INFORMATION AND TECHNOLOGY,JP MORGAN,0.0528
2014,DHIRUBHAI AMBANI INSTITUTE OF INFORMATION AND TECHNOLOGY,CAPGEMINI,0.054
2014,DHIRUBHAI AMBANI INSTITUTE OF INFORMATION AND TECHNOLOGY,COGNIZANT,0.0902
2014,DHIRUBHAI AMBANI INSTITUTE OF INFORMATION AND TECHNOLOGY,WIPRO,0.0921
2014,DHIRUBHAI AMBANI INSTITUTE OF INFORMATION AND TECHNOLOGY,INFOSYS,0.097
2014,DHIRUBHAI AMBANI INSTITUTE OF INFORMATION AND TECHNOLOGY,HCL,0.1295
2014,DHIRUBHAI AMBANI INSTITUTE OF INFORMATION AND TECHNOLOGY,TCS,0.1578
2014,DHIRUBHAI AMBANI INSTITUTE OF INFORMATION AND TECHNOLOGY,IGATE,0.1645
2014,IIIT HYDERBAD,MICROSOFT,0.0035
2014,IIIT HYDERBAD,FACEBOOK,0.0041
2014,IIIT HYDERBAD,GOOGLE,0.0047
2014,IIIT HYDERBAD,MU SIGMA,0.0088
2014,IIIT HYDERBAD,AKAMAI,0.0117
2014,IIIT HYDERBAD,ACCENTURE,0.0158
2014,IIIT HYDERBAD,HONEYWELL,0.0239
2014,IIIT HYDERBAD,SAMSUNG,0.0298
2014,IIIT HYDERBAD,VMWARE,0.0345
2014,IIIT HYDERBAD,KPMG,0.0356
2014,IIIT HYDERBAD,CAPGEMINI,0.0403
2014,IIIT HYDERBAD,CISCO,0.0421
2014,IIIT HYDERBAD,EMC 2,0.0432
2014,IIIT HYDERBAD,JP MORGAN,0.0444
2014,IIIT HYDERBAD,WIPRO,0.0707
2014,IIIT HYDERBAD,COGNIZANT,0.0853
2014,IIIT HYDERBAD,INFOSYS,0.0952
2014,IIIT HYDERBAD,HCL,0.1168
2014,IIIT HYDERBAD,IGATE,0.1431
2014,IIIT HYDERBAD,TCS,0.1466
2014,IIT DELHI,FACEBOOK,0.0024
2014,IIT DELHI,GOOGLE,0.0036
2014,IIT DELHI,MICROSOFT,0.0048
2014,IIT DELHI,ACCENTURE,0.0055
2014,IIT DELHI,SAMSUNG,0.0099
2014,IIT DELHI,JP MORGAN,0.0178
2014,IIT DELHI,EMC 2,0.0273
2014,IIT DELHI,WIPRO,0.0293
2014,IIT DELHI,KPMG,0.0341
2014,IIT DELHI,CAPGEMINI,0.0353
2014,IIT DELHI,VMWARE,0.0388
2014,IIT DELHI,CISCO,0.0388
2014,IIT DELHI,AKAMAI,0.044
2014,IIT DELHI,HONEYWELL,0.061
2014,IIT DELHI,MU SIGMA,0.0666
2014,IIT DELHI,COGNIZANT,0.0693
2014,IIT DELHI,IGATE,0.1006
2014,IIT DELHI,INFOSYS,0.1133
2014,IIT DELHI,TCS,0.1403
2014,IIT DELHI,HCL,0.1573
2014,IIT GUWAHATI,GOOGLE,0.0043
2014,IIT GUWAHATI,FACEBOOK,0.0048
2014,IIT GUWAHATI,MU SIGMA,0.0101
2014,IIT GUWAHATI,AKAMAI,0.0112
2014,IIT GUWAHATI,ACCENTURE,0.0208
2014,IIT GUWAHATI,SAMSUNG,0.0304
2014,IIT GUWAHATI,HONEYWELL,0.0314
2014,IIT GUWAHATI,VMWARE,0.0362
2014,IIT GUWAHATI,KPMG,0.0362
2014,IIT GUWAHATI,CAPGEMINI,0.0405
2014,IIT GUWAHATI,CISCO,0.0405
2014,IIT GUWAHATI,EMC 2,0.0448
2014,IIT GUWAHATI,JP MORGAN,0.0458
2014,IIT GUWAHATI,WIPRO,0.0682
2014,IIT GUWAHATI,COGNIZANT,0.0741
2014,IIT GUWAHATI,INFOSYS,0.1002
2014,IIT GUWAHATI,HCL,0.1103
2014,IIT GUWAHATI,TCS,0.1359
2014,IIT GUWAHATI,IGATE,0.1541
2014,IIT KANPUR,EMC 2,0.0
2014,IIT KANPUR,GOOGLE,0.0045
2014,IIT KANPUR,MICROSOFT,0.0051
2014,IIT KANPUR,FACEBOOK,0.0068
2014,IIT KANPUR,MU SIGMA,0.0097
2014,IIT KANPUR,AKAMAI,0.0131
2014,IIT KANPUR,ACCENTURE,0.0182
2014,IIT KANPUR,HONEYWELL,0.0278
2014,IIT KANPUR,SAMSUNG,0.0307
2014,IIT KANPUR,VMWARE,0.038
2014,IIT KANPUR,KPMG,0.0386
2014,IIT KANPUR,CISCO,0.0432
2014,IIT KANPUR,CAPGEMINI,0.0432
2014,IIT KANPUR,JP MORGAN,0.0477
2014,IIT KANPUR,WIPRO,0.0738
2014,IIT KANPUR,COGNIZANT,0.0869
2014,IIT KANPUR,INFOSYS,0.0965
2014,IIT KANPUR,HCL,0.1204
2014,IIT KANPUR,TCS,0.1391
2014,IIT KANPUR,IGATE,0.1567
2014,IIT KHARAGPUR,GOOGLE,0.0045
2014,IIT KHARAGPUR,FACEBOOK,0.005
2014,IIT KHARAGPUR,MICROSOFT,0.006
2014,IIT KHARAGPUR,MU SIGMA,0.0089
2014,IIT KHARAGPUR,AKAMAI,0.0094
2014,IIT KHARAGPUR,ACCENTURE,0.0214
2014,IIT KHARAGPUR,SAMSUNG,0.0343
2014,IIT KHARAGPUR,JP MORGAN,0.0387
2014,IIT KHARAGPUR,VMWARE,0.0392
2014,IIT KHARAGPUR,HONEYWELL,0.0392
2014,IIT KHARAGPUR,KPMG,0.0427
2014,IIT KHARAGPUR,CAPGEMINI,0.0427
2014,IIT KHARAGPUR,EMC 2,0.0452
2014,IIT KHARAGPUR,CISCO,0.0482
2014,IIT KHARAGPUR,COGNIZANT,0.0705
2014,IIT KHARAGPUR,WIPRO,0.0889
2014,IIT KHARAGPUR,INFOSYS,0.0984
2014,IIT KHARAGPUR,HCL,0.1028
2014,IIT KHARAGPUR,TCS,0.1128
2014,IIT KHARAGPUR,IGATE,0.1411
2014,IIT MADRAS,MICROSOFT,0.0
2014,IIT MADRAS,FACEBOOK,0.0035
2014,IIT MADRAS,GOOGLE,0.0045
2014,IIT MADRAS,MU SIGMA,0.0079
2014,IIT MADRAS,AKAMAI,0.0084
2014,IIT MADRAS,ACCENTURE,0.0223
2014,IIT MADRAS,SAMSUNG,0.0333
2014,IIT MADRAS,HONEYWELL,0.0347
2014,IIT MADRAS,VMWARE,0.0367
2014,IIT MADRAS,JP MORGAN,0.0397
2014,IIT MADRAS,KPMG,0.0407
2014,IIT MADRAS,CAPGEMINI,0.0417
2014,IIT MADRAS,EMC 2,0.0447
2014,IIT MADRAS,CISCO,0.0467
2014,IIT MADRAS,COGNIZANT,0.0764
2014,IIT MADRAS,WIPRO,0.0829
2014,IIT MADRAS,INFOSYS,0.0978
2014,IIT MADRAS,HCL,0.1097
2014,IIT MADRAS,TCS,0.1315
2014,IIT MADRAS,IGATE,0.137
2014,IIT MUMBAI,GOOGLE,0.0042
2014,IIT MUMBAI,MICROSOFT,0.0058
2014,IIT MUMBAI,CAPGEMINI,0.0063
2014,IIT MUMBAI,FACEBOOK,0.0074
2014,IIT MUMBAI,CISCO,0.0101
2014,IIT MUMBAI,EMC 2,0.0212
2014,IIT MUMBAI,SAMSUNG,0.028
2014,IIT MUMBAI,KPMG,0.0339
2014,IIT MUMBAI,VMWARE,0.0386
2014,IIT MUMBAI,AKAMAI,0.0418
2014,IIT MUMBAI,JP MORGAN,0.0444
2014,IIT MUMBAI,HONEYWELL,0.0481
2014,IIT MUMBAI,MU SIGMA,0.0593
2014,IIT MUMBAI,WIPRO,0.0661
2014,IIT MUMBAI,ACCENTURE,0.0714
2014,IIT MUMBAI,INFOSYS,0.0778
2014,IIT MUMBAI,COGNIZANT,0.0884
2014,IIT MUMBAI,IGATE,0.0979
2014,IIT MUMBAI,HCL,0.1132
2014,IIT MUMBAI,TCS,0.136
2014,IIT ROORKEE,MICROSOFT,0.0
2014,IIT ROORKEE,GOOGLE,0.0052
2014,IIT ROORKEE,CAPGEMINI,0.0073
2014,IIT ROORKEE,CISCO,0.0094
2014,IIT ROORKEE,FACEBOOK,0.0099
2014,IIT ROORKEE,EMC 2,0.0229
2014,IIT ROORKEE,KPMG,0.0354
2014,IIT ROORKEE,ACCENTURE,0.0406
2014,IIT ROORKEE,SAMSUNG,0.0406
2014,IIT ROORKEE,VMWARE,0.0411
2014,IIT ROORKEE,JP MORGAN,0.0447
2014,IIT ROORKEE,AKAMAI,0.0463
2014,IIT ROORKEE,HONEYWELL,0.0515
2014,IIT ROORKEE,MU SIGMA,0.066
2014,IIT ROORKEE,WIPRO,0.077
2014,IIT ROORKEE,COGNIZANT,0.0874
2014,IIT ROORKEE,INFOSYS,0.0926
2014,IIT ROORKEE,IGATE,0.0962
2014,IIT ROORKEE,TCS,0.1076
2014,IIT ROORKEE,HCL,0.1186
2014,"INSTITUTE OF TECHNOLOGY ,BHU",AKAMAI,0.0098
2014,"INSTITUTE OF TECHNOLOGY ,BHU",ACCENTURE,0.0219
2014,"INSTITUTE OF TECHNOLOGY ,BHU",SAMSUNG,0.0313
2014,"INSTITUTE OF TECHNOLOGY ,BHU",HONEYWELL,0.0359
2014,"INSTITUTE OF TECHNOLOGY ,BHU",JP MORGAN,0.0392
2014,"INSTITUTE OF TECHNOLOGY ,BHU",VMWARE,0.0397
2014,"INSTITUTE OF TECHNOLOGY ,BHU",CAPGEMINI,0.0401
2014,"INSTITUTE OF TECHNOLOGY ,BHU",KPMG,0.0411
2014,"INSTITUTE OF TECHNOLOGY ,BHU",CISCO,0.0439
2014,"INSTITUTE OF TECHNOLOGY ,BHU",EMC 2,0.0462
2014,"INSTITUTE OF TECHNOLOGY ,BHU",MU SIGMA,0.0621
2014,"INSTITUTE OF TECHNOLOGY ,BHU",COGNIZANT,0.0737
2014,"INSTITUTE OF TECHNOLOGY ,BHU",WIPRO,0.0775
2014,"INSTITUTE OF TECHNOLOGY ,BHU",INFOSYS,0.0789
2014,"INSTITUTE OF TECHNOLOGY ,BHU",HCL,0.1017
2014,"INSTITUTE OF TECHNOLOGY ,BHU",TCS,0.1199
2014,"INSTITUTE OF TECHNOLOGY ,BHU",IGATE,0.1372
2014,MANIPAL INSTITUTE OF TECHNOLOGY,MU SIGMA,0.0071
2014,MANIPAL INSTITUTE OF TECHNOLOGY,AKAMAI,0.0125
2014,MANIPAL INSTITUTE OF TECHNOLOGY,ACCENTURE,0.0163
2014,MANIPAL INSTITUTE OF TECHNOLOGY,HONEYWELL,0.0234
2014,MANIPAL INSTITUTE OF TECHNOLOGY,VMWARE,0.037
2014,MANIPAL INSTITUTE OF TECHNOLOGY,SAMSUNG,0.0413
2014,MANIPAL INSTITUTE OF TECHNOLOGY,KPMG,0.0413
2014,MANIPAL INSTITUTE OF TECHNOLOGY,JP MORGAN,0.044
2014,MANIPAL INSTITUTE OF TECHNOLOGY,CAPGEMINI,0.0457
2014,MANIPAL INSTITUTE OF TECHNOLOGY,COGNIZANT,0.0728
2014,MANIPAL INSTITUTE OF TECHNOLOGY,WIPRO,0.0837
2014,MANIPAL INSTITUTE OF TECHNOLOGY,INFOSYS,0.0891
2014,MANIPAL INSTITUTE OF TECHNOLOGY,HCL,0.1136
2014,MANIPAL INSTITUTE OF TECHNOLOGY,IGATE,0.138
2014,MANIPAL INSTITUTE OF TECHNOLOGY,TCS,0.2342
2014,MNNIT ALLAHABAD,MU SIGMA,0.0109
2014,MNNIT ALLAHABAD,AKAMAI,0.0167
2014,MNNIT ALLAHABAD,ACCENTURE,0.0195
2014,MNNIT ALLAHABAD,JP MORGAN,0.0324
2014,MNNIT ALLAHABAD,SAMSUNG,0.0343
2014,MNNIT ALLAHABAD,CAPGEMINI,0.0381
2014,MNNIT ALLAHABAD,VMWARE,0.04
2014,MNNIT ALLAHABAD,HONEYWELL,0.0424
2014,MNNIT ALLAHABAD,KPMG,0.0466
2014,MNNIT ALLAHABAD,COGNIZANT,0.0804
2014,MNNIT ALLAHABAD,INFOSYS,0.1071
2014,MNNIT ALLAHABAD,WIPRO,0.1157
2014,MNNIT ALLAHABAD,TCS,0.1323
2014,MNNIT ALLAHABAD,IGATE,0.1352
2014,MNNIT ALLAHABAD,HCL,0.1485
2014,PSG COLLEGE OF TECHNOLOGY,MU SIGMA,0.0072
2014,PSG COLLEGE OF TECHNOLOGY,AKAMAI,0.0117
2014,PSG COLLEGE OF TECHNOLOGY,ACCENTURE,0.0178
2014,PSG COLLEGE OF TECHNOLOGY,SAMSUNG,0.0318
2014,PSG COLLEGE OF TECHNOLOGY,HONEYWELL,0.0329
2014,PSG COLLEGE OF TECHNOLOGY,KPMG,0.0379
2014,PSG COLLEGE OF TECHNOLOGY,VMWARE,0.0379
2014,PSG COLLEGE OF TECHNOLOGY,CISCO,0.0379
2014,PSG COLLEGE OF TECHNOLOGY,JP MORGAN,0.0423
2014,PSG COLLEGE OF TECHNOLOGY,CAPGEMINI,0.0423
2014,PSG COLLEGE OF TECHNOLOGY,EMC 2,0.0468
2014,PSG COLLEGE OF TECHNOLOGY,WIPRO,0.0713
2014,PSG COLLEGE OF TECHNOLOGY,COGNIZANT,0.0774
2014,PSG COLLEGE OF TECHNOLOGY,INFOSYS,0.093
2014,PSG COLLEGE OF TECHNOLOGY,HCL,0.1153
2014,PSG COLLEGE OF TECHNOLOGY,TCS,0.1354
2014,PSG COLLEGE OF TECHNOLOGY,IGATE,0.161
2014,SRM UNIVERSITY,GOOGLE,0.0033
2014,SRM UNIVERSITY,FACEBOOK,0.005
2014,SRM UNIVERSITY,ACCENTURE,0.0071
2014,SRM UNIVERSITY,SAMSUNG,0.0083
2014,SRM UNIVERSITY,MICROSOFT,0.0142
2014,SRM UNIVERSITY,JP MORGAN,0.0146
2014,SRM UNIVERSITY,EMC 2,0.0263
2014,SRM UNIVERSITY,KPMG,0.0313
2014,SRM UNIVERSITY,CAPGEMINI,0.0317
2014,SRM UNIVERSITY,CISCO,0.0359
2014,SRM UNIVERSITY,VMWARE,0.0392
2014,SRM UNIVERSITY,WIPRO,0.0405
2014,SRM UNIVERSITY,AKAMAI,0.0421
2014,SRM UNIVERSITY,HONEYWELL,0.0551
2014,SRM UNIVERSITY,MU SIGMA,0.0597
2014,SRM UNIVERSITY,COGNIZANT,0.0747
2014,SRM UNIVERSITY,INFOSYS,0.1051
2014,SRM UNIVERSITY,IGATE,0.106
2014,SRM UNIVERSITY,TCS,0.1448
2014,SRM UNIVERSITY,HCL,0.1552
2014,THAPAR INSTITUTE OF ENGINEERING AND TECHNOLOGY,FACEBOOK,0.004
2014,THAPAR INSTITUTE OF ENGINEERING AND TECHNOLOGY,MU SIGMA,0.0055
2014,THAPAR INSTITUTE OF ENGINEERING AND TECHNOLOGY,ACCENTURE,0.0151
2014,THAPAR INSTITUTE OF ENGINEERING AND TECHNOLOGY,AKAMAI,0.0151
2014,THAPAR INSTITUTE OF ENGINEERING AND TECHNOLOGY,HONEYWELL,0.0297
2014,THAPAR INSTITUTE OF ENGINEERING AND TECHNOLOGY,CAPGEMINI,0.0332
2014,THAPAR INSTITUTE OF ENGINEERING AND TECHNOLOGY,KPMG,0.0418
2014,THAPAR INSTITUTE OF ENGINEERING AND TECHNOLOGY,JP MORGAN,0.0418
2014,THAPAR INSTITUTE OF ENGINEERING AND TECHNOLOGY,SAMSUNG,0.0423
2014,THAPAR INSTITUTE OF ENGINEERING AND TECHNOLOGY,EMC 2,0.0468
2014,THAPAR INSTITUTE OF ENGINEERING AND TECHNOLOGY,COGNIZANT,0.0679
2014,THAPAR INSTITUTE OF ENGINEERING AND TECHNOLOGY,WIPRO,0.0795
2014,THAPAR INSTITUTE OF ENGINEERING AND TECHNOLOGY,INFOSYS,0.0896
2014,THAPAR INSTITUTE OF ENGINEERING AND TECHNOLOGY,TCS,0.1233
2014,THAPAR INSTITUTE OF ENGINEERING AND TECHNOLOGY,IGATE,0.15
2014,THAPAR INSTITUTE OF ENGINEERING AND TECHNOLOGY,HCL,0.2144
2014,VELLORE INSTITUTE OF TECHNOLOGY,GOOGLE,0.0046
2014,VELLORE INSTITUTE OF TECHNOLOGY,ACCENTURE,0.0052
2014,VELLORE INSTITUTE OF TECHNOLOGY,MU SIGMA,0.0081
2014,VELLORE INSTITUTE OF TECHNOLOGY,AKAMAI,0.0161
2014,VELLORE INSTITUTE OF TECHNOLOGY,HONEYWELL,0.023
2014,VELLORE INSTITUTE OF TECHNOLOGY,VMWARE,0.0374
2014,VELLORE INSTITUTE OF TECHNOLOGY,CISCO,0.0431
2014,VELLORE INSTITUTE OF TECHNOLOGY,KPMG,0.0449
2014,VELLORE INSTITUTE OF TECHNOLOGY,JP MORGAN,0.0454
2014,VELLORE INSTITUTE OF TECHNOLOGY,SAMSUNG,0.046
2014,VELLORE INSTITUTE OF TECHNOLOGY,CAPGEMINI,0.0472
2014,VELLORE INSTITUTE OF TECHNOLOGY,COGNIZANT,0.0742
2014,VELLORE INSTITUTE OF TECHNOLOGY,WIPRO,0.0909
2014,VELLORE INSTITUTE OF TECHNOLOGY,INFOSYS,0.0914
2014,VELLORE INSTITUTE OF TECHNOLOGY,TCS,0.1323
2014,VELLORE INSTITUTE OF TECHNOLOGY,HCL,0.1328
2014,VELLORE INSTITUTE OF TECHNOLOGY,IGATE,0.1576
2014,VISHWESHWARAYYA TECHNOLOGICAL UNIVERSITY,AKAMAI,0.0133
2014,VISHWESHWARAYYA TECHNOLOGICAL UNIVERSITY,ACCENTURE,0.0179
2014,VISHWESHWARAYYA TECHNOLOGICAL UNIVERSITY,HONEYWELL,0.0231
2014,VISHWESHWARAYYA TECHNOLOGICAL UNIVERSITY,MU SIGMA,0.026
2014,VISHWESHWARAYYA TECHNOLOGICAL UNIVERSITY,VMWARE,0.0399
2014,VISHWESHWARAYYA TECHNOLOGICAL UNIVERSITY,KPMG,0.041
2014,VISHWESHWARAYYA TECHNOLOGICAL UNIVERSITY,SAMSUNG,0.0427
2014,VISHWESHWARAYYA TECHNOLOGICAL UNIVERSITY,JP MORGAN,0.0468
2014,VISHWESHWARAYYA TECHNOLOGICAL UNIVERSITY,EMC 2,0.0485
2014,VISHWESHWARAYYA TECHNOLOGICAL UNIVERSITY,CAPGEMINI,0.0491
2014,VISHWESHWARAYYA TECHNOLOGICAL UNIVERSITY,COGNIZANT,0.078
2014,VISHWESHWARAYYA TECHNOLOGICAL UNIVERSITY,WIPRO,0.0826
2014,VISHWESHWARAYYA TECHNOLOGICAL UNIVERSITY,INFOSYS,0.0838
2014,VISHWESHWARAYYA TECHNOLOGICAL UNIVERSITY,HCL,0.1167
2014,VISHWESHWARAYYA TECHNOLOGICAL UNIVERSITY,TCS,0.1415
2014,VISHWESHWARAYYA TECHNOLOGICAL UNIVERSITY,IGATE,0.149
