Year,Quarter,College_Name,Total_Students_Selected
2012,1,BIRLA INSTITUTE OF TECHNOLOGY,60
2012,1,DHIRUBHAI AMBANI INSTITUTE OF INFORMATION AND TECHNOLOGY,140
2012,1,COLLEGE OF ENGINEERING PUNE,145
2012,1,IIT MUMBAI,188
2012,1,THAPAR INSTITUTE OF ENGINEERING AND TECHNOLOGY,204
2012,1,IIT MADRAS,268
2012,1,IIT KHARAGPUR,286
2012,1,IIIT HYDERBAD,331
2012,1,IIT GUWAHATI,343
2012,1,DELHI COLLEGE OF ENGINEERING,355
2012,1,MANIPAL INSTITUTE OF TECHNOLOGY,384
2012,1,"INSTITUTE OF TECHNOLOGY ,BHU",388
2012,1,IIT ROORKEE,450
2012,1,VISHWESHWARAYYA TECHNOLOGICAL UNIVERSITY,470
2012,1,VELLORE INSTITUTE OF TECHNOLOGY,555
2012,1,MNNIT ALLAHABAD,738
2012,1,IIT DELHI,854
2012,1,IIT KANPUR,855
2012,2,IIT ROORKEE,181
2012,2,BIRLA INSTITUTE OF TECHNOLOGY,190
2012,2,IIT GUWAHATI,265
2012,2,IIT MUMBAI,322
2012,2,IIT MADRAS,392
2012,2,DELHI COLLEGE OF ENGINEERING,456
2012,2,"INSTITUTE OF TECHNOLOGY ,BHU",464
2012,2,IIIT HYDERBAD,526
2012,2,THAPAR INSTITUTE OF ENGINEERING AND TECHNOLOGY,540
2012,2,IIT DELHI,594
2012,2,IIT KANPUR,653
2012,2,MNNIT ALLAHABAD,673
2012,2,IIT KHARAGPUR,906
2012,2,SRM UNIVERSITY,955
2012,2,PSG COLLEGE OF TECHNOLOGY,1035
2012,2,MANIPAL INSTITUTE OF TECHNOLOGY,1055
2012,2,DHIRUBHAI AMBANI INSTITUTE OF INFORMATION AND TECHNOLOGY,1075
2012,2,VISHWESHWARAYYA TECHNOLOGICAL UNIVERSITY,1274
2012,2,VELLORE INSTITUTE OF TECHNOLOGY,1346
2012,2,COLLEGE OF ENGINEERING PUNE,1374
2012,3,IIT MADRAS,135
2012,3,COLLEGE OF ENGINEERING PUNE,283
2012,3,IIIT HYDERBAD,312
2012,3,IIT KHARAGPUR,319
2012,3,IIT MUMBAI,492
2012,3,IIT DELHI,526
2012,3,IIT GUWAHATI,563
2012,3,IIT KANPUR,603
2012,3,IIT ROORKEE,658
2012,3,MNNIT ALLAHABAD,932
2012,3,MANIPAL INSTITUTE OF TECHNOLOGY,970
2012,3,VELLORE INSTITUTE OF TECHNOLOGY,1305
2012,3,DHIRUBHAI AMBANI INSTITUTE OF INFORMATION AND TECHNOLOGY,1347
2012,3,"INSTITUTE OF TECHNOLOGY ,BHU",1375
2012,3,SRM UNIVERSITY,1381
2012,3,DELHI COLLEGE OF ENGINEERING,1455
2012,3,BIRLA INSTITUTE OF TECHNOLOGY,1510
2012,3,PSG COLLEGE OF TECHNOLOGY,1584
2012,3,VISHWESHWARAYYA TECHNOLOGICAL UNIVERSITY,1679
2012,3,THAPAR INSTITUTE OF ENGINEERING AND TECHNOLOGY,1908
2012,4,IIT ROORKEE,39
2012,4,IIT KANPUR,120
2012,4,IIIT HYDERBAD,145
2012,4,IIT GUWAHATI,194
2012,4,MNNIT ALLAHABAD,199
2012,4,IIT MUMBAI,265
2012,4,DELHI COLLEGE OF ENGINEERING,285
2012,4,"INSTITUTE OF TECHNOLOGY ,BHU",404
2012,4,IIT MADRAS,478
2012,4,PSG COLLEGE OF TECHNOLOGY,518
2012,4,VISHWESHWARAYYA TECHNOLOGICAL UNIVERSITY,595
2012,4,COLLEGE OF ENGINEERING PUNE,627
2012,4,THAPAR INSTITUTE OF ENGINEERING AND TECHNOLOGY,640
2012,4,IIT KHARAGPUR,727
2012,4,SRM UNIVERSITY,755
2012,4,DHIRUBHAI AMBANI INSTITUTE OF INFORMATION AND TECHNOLOGY,762
2012,4,IIT DELHI,1009
2012,4,BIRLA INSTITUTE OF TECHNOLOGY,1022
2012,4,VELLORE INSTITUTE OF TECHNOLOGY,1259
2012,4,MANIPAL INSTITUTE OF TECHNOLOGY,1400
2013,1,"INSTITUTE OF TECHNOLOGY ,BHU",80
2013,1,COLLEGE OF ENGINEERING PUNE,145
2013,1,IIT MADRAS,150
2013,1,VISHWESHWARAYYA TECHNOLOGICAL UNIVERSITY,162
2013,1,IIT ROORKEE,312
2013,1,VELLORE INSTITUTE OF TECHNOLOGY,315
2013,1,IIT KHARAGPUR,336
2013,1,BIRLA INSTITUTE OF TECHNOLOGY,552
2013,1,THAPAR INSTITUTE OF ENGINEERING AND TECHNOLOGY,561
2013,1,MANIPAL INSTITUTE OF TECHNOLOGY,651
2013,1,IIT MUMBAI,671
2013,1,IIT KANPUR,765
2013,1,SRM UNIVERSITY,984
2013,1,IIIT HYDERBAD,1098
2013,1,IIT DELHI,1176
2013,2,DELHI COLLEGE OF ENGINEERING,261
2013,2,IIT DELHI,274
2013,2,PSG COLLEGE OF TECHNOLOGY,284
2013,2,DHIRUBHAI AMBANI INSTITUTE OF INFORMATION AND TECHNOLOGY,330
2013,2,VISHWESHWARAYYA TECHNOLOGICAL UNIVERSITY,349
2013,2,"INSTITUTE OF TECHNOLOGY ,BHU",403
2013,2,VELLORE INSTITUTE OF TECHNOLOGY,450
2013,2,MANIPAL INSTITUTE OF TECHNOLOGY,465
2013,2,MNNIT ALLAHABAD,491
2013,2,IIT KHARAGPUR,565
2013,2,COLLEGE OF ENGINEERING PUNE,570
2013,2,THAPAR INSTITUTE OF ENGINEERING AND TECHNOLOGY,676
2013,2,BIRLA INSTITUTE OF TECHNOLOGY,702
2013,2,IIT MADRAS,730
2013,2,IIT MUMBAI,779
2013,2,IIT ROORKEE,804
2013,2,IIIT HYDERBAD,804
2013,2,SRM UNIVERSITY,1324
2013,2,IIT GUWAHATI,1741
2013,2,IIT KANPUR,1942
2013,3,PSG COLLEGE OF TECHNOLOGY,176
2013,3,IIT DELHI,214
2013,3,DHIRUBHAI AMBANI INSTITUTE OF INFORMATION AND TECHNOLOGY,230
2013,3,"INSTITUTE OF TECHNOLOGY ,BHU",268
2013,3,MANIPAL INSTITUTE OF TECHNOLOGY,288
2013,3,IIT ROORKEE,300
2013,3,THAPAR INSTITUTE OF ENGINEERING AND TECHNOLOGY,306
2013,3,VISHWESHWARAYYA TECHNOLOGICAL UNIVERSITY,319
2013,3,MNNIT ALLAHABAD,366
2013,3,VELLORE INSTITUTE OF TECHNOLOGY,479
2013,3,IIT MUMBAI,536
2013,3,SRM UNIVERSITY,658
2013,3,IIT KANPUR,732
2013,3,DELHI COLLEGE OF ENGINEERING,898
2013,3,BIRLA INSTITUTE OF TECHNOLOGY,932
2013,3,COLLEGE OF ENGINEERING PUNE,940
2013,3,IIIT HYDERBAD,985
2013,3,IIT MADRAS,1256
2013,3,IIT GUWAHATI,1976
2013,3,IIT KHARAGPUR,2139
2013,4,IIT KHARAGPUR,12
2013,4,"INSTITUTE OF TECHNOLOGY ,BHU",21
2013,4,IIIT HYDERBAD,110
2013,4,MNNIT ALLAHABAD,131
2013,4,VISHWESHWARAYYA TECHNOLOGICAL UNIVERSITY,242
2013,4,THAPAR INSTITUTE OF ENGINEERING AND TECHNOLOGY,246
2013,4,DHIRUBHAI AMBANI INSTITUTE OF INFORMATION AND TECHNOLOGY,264
2013,4,IIT DELHI,305
2013,4,MANIPAL INSTITUTE OF TECHNOLOGY,333
2013,4,SRM UNIVERSITY,336
2013,4,VELLORE INSTITUTE OF TECHNOLOGY,343
2013,4,IIT MUMBAI,456
2013,4,BIRLA INSTITUTE OF TECHNOLOGY,623
2013,4,PSG COLLEGE OF TECHNOLOGY,679
2013,4,DELHI COLLEGE OF ENGINEERING,746
2013,4,COLLEGE OF ENGINEERING PUNE,932
2013,4,IIT ROORKEE,1016
2013,4,IIT MADRAS,1649
2014,1,IIIT HYDERBAD,59
2014,1,IIT KHARAGPUR,79
2014,1,DHIRUBHAI AMBANI INSTITUTE OF INFORMATION AND TECHNOLOGY,86
2014,1,SRM UNIVERSITY,156
2014,1,PSG COLLEGE OF TECHNOLOGY,173
2014,1,IIT GUWAHATI,214
2014,1,MNNIT ALLAHABAD,258
2014,1,IIT KANPUR,276
2014,1,"INSTITUTE OF TECHNOLOGY ,BHU",283
2014,1,VISHWESHWARAYYA TECHNOLOGICAL UNIVERSITY,290
2014,1,BIRLA INSTITUTE OF TECHNOLOGY,308
2014,1,IIT MUMBAI,342
2014,1,IIT MADRAS,348
2014,1,MANIPAL INSTITUTE OF TECHNOLOGY,411
2014,1,IIT ROORKEE,440
2014,1,THAPAR INSTITUTE OF ENGINEERING AND TECHNOLOGY,606
2014,1,IIT DELHI,1157
2014,2,VELLORE INSTITUTE OF TECHNOLOGY,172
2014,2,IIT ROORKEE,264
2014,2,PSG COLLEGE OF TECHNOLOGY,272
2014,2,BIRLA INSTITUTE OF TECHNOLOGY,318
2014,2,IIT KHARAGPUR,383
2014,2,MANIPAL INSTITUTE OF TECHNOLOGY,384
2014,2,IIT MUMBAI,412
2014,2,IIT KANPUR,418
2014,2,VISHWESHWARAYYA TECHNOLOGICAL UNIVERSITY,462
2014,2,DHIRUBHAI AMBANI INSTITUTE OF INFORMATION AND TECHNOLOGY,569
2014,2,SRM UNIVERSITY,664
2014,2,IIT MADRAS,684
2014,2,IIT GUWAHATI,687
2014,2,MNNIT ALLAHABAD,721
2014,2,IIT DELHI,732
2014,2,"INSTITUTE OF TECHNOLOGY ,BHU",777
2014,2,IIIT HYDERBAD,850
2014,2,DELHI COLLEGE OF ENGINEERING,1005
2014,2,COLLEGE OF ENGINEERING PUNE,1381
2014,3,MNNIT ALLAHABAD,263
2014,3,DELHI COLLEGE OF ENGINEERING,264
2014,3,VISHWESHWARAYYA TECHNOLOGICAL UNIVERSITY,515
2014,3,IIT DELHI,560
2014,3,BIRLA INSTITUTE OF TECHNOLOGY,609
2014,3,COLLEGE OF ENGINEERING PUNE,686
2014,3,IIIT HYDERBAD,687
2014,3,IIT GUWAHATI,746
2014,3,IIT KANPUR,828
2014,3,SRM UNIVERSITY,868
2014,3,MANIPAL INSTITUTE OF TECHNOLOGY,878
2014,3,DHIRUBHAI AMBANI INSTITUTE OF INFORMATION AND TECHNOLOGY,886
2014,3,IIT MADRAS,889
2014,3,"INSTITUTE OF TECHNOLOGY ,BHU",965
2014,3,IIT ROORKEE,973
2014,3,IIT MUMBAI,1024
2014,3,VELLORE INSTITUTE OF TECHNOLOGY,1203
2014,3,PSG COLLEGE OF TECHNOLOGY,1211
2014,3,THAPAR INSTITUTE OF ENGINEERING AND TECHNOLOGY,1239
2014,3,IIT KHARAGPUR,1532
2014,4,IIT KHARAGPUR,19
2014,4,IIT DELHI,75
2014,4,DHIRUBHAI AMBANI INSTITUTE OF INFORMATION AND TECHNOLOGY,88
2014,4,IIT MADRAS,94
2014,4,IIT MUMBAI,112
2014,4,IIIT HYDERBAD,116
2014,4,"INSTITUTE OF TECHNOLOGY ,BHU",118
2014,4,PSG COLLEGE OF TECHNOLOGY,139
2014,4,THAPAR INSTITUTE OF ENGINEERING AND TECHNOLOGY,142
2014,4,MANIPAL INSTITUTE OF TECHNOLOGY,167
2014,4,IIT GUWAHATI,229
2014,4,IIT KANPUR,239
2014,4,IIT ROORKEE,246
2014,4,BIRLA INSTITUTE OF TECHNOLOGY,279
2014,4,VELLORE INSTITUTE OF TECHNOLOGY,364
2014,4,VISHWESHWARAYYA TECHNOLOGICAL UNIVERSITY,464
2014,4,DELHI COLLEGE OF ENGINEERING,621
2014,4,SRM UNIVERSITY,709
2014,4,MNNIT ALLAHABAD,859
