Year,Company_Name,Package_In_Lakhs,Total_Students_Selected
2012,TCS,3.25,10108
2012,IGATE,3.15,7213
2012,HCL,4.5,6583
2012,COGNIZANT,3.15,5705
2012,INFOSYS,3.5,5007
2012,WIPRO,3.25,3735
2012,MU SIGMA,6.0,2606
2012,ACCENTURE,3.0,2263
2012,HONEYWELL,7.5,2062
2012,AKAMAI,6.0,1346
2012,KPMG,5.0,1201
2012,JP MORGAN,4.5,1016
2012,SAMSUNG,7.0,892
2012,VMWARE,7.0,837
2012,EMC 2,6.0,626
2012,CAPGEMINI,9.0,377
2012,CISCO,9.5,272
2012,MICROSOFT,16.0,98
2012,GOOGLE,8.0,75
2012,FACEBOOK,8.5,48
2013,TCS,3.25,6269
2013,IGATE,3.15,5245
2013,HCL,4.5,4708
2013,COGNIZANT,3.15,4037
2013,INFOSYS,3.5,3823
2013,WIPRO,3.25,2954
2013,MU SIGMA,6.0,2903
2013,HONEYWELL,7.5,1989
2013,ACCENTURE,3.0,1910
2013,AKAMAI,6.0,1877
2013,JP MORGAN,4.5,1634
2013,KPMG,5.0,1609
2013,VMWARE,7.0,1313
2013,SAMSUNG,7.0,1271
2013,EMC 2,6.0,1163
2013,CAPGEMINI,9.0,898
2013,CISCO,9.5,530
2013,GOOGLE,8.0,74
2013,FACEBOOK,8.5,70
2013,MICROSOFT,16.0,67
2014,TCS,3.25,5319
2014,IGATE,3.15,5244
2014,HCL,4.5,4971
2014,INFOSYS,3.5,3628
2014,COGNIZANT,3.15,3020
2014,WIPRO,3.25,2957
2014,KPMG,5.0,1527
2014,JP MORGAN,4.5,1523
2014,CAPGEMINI,9.0,1465
2014,HONEYWELL,7.5,1378
2014,SAMSUNG,7.0,1270
2014,VMWARE,7.0,1258
2014,EMC 2,6.0,1097
2014,CISCO,9.5,1062
2014,MU SIGMA,6.0,956
2014,ACCENTURE,3.0,840
2014,AKAMAI,6.0,759
2014,FACEBOOK,8.5,104
2014,GOOGLE,8.0,85
2014,MICROSOFT,16.0,84
