Year,College_Name,College_Rank
2012,BIRLA INSTITUTE OF TECHNOLOGY,9
2013,BIRLA INSTITUTE OF TECHNOLOGY,7
2014,BIRLA INSTITUTE OF TECHNOLOGY,20
2012,COLLEGE OF ENGINEERING PUNE,13
2013,COLLEGE OF ENGINEERING PUNE,8
2014,COLLEGE OF ENGINEERING PUNE,5
2012,DELHI COLLEGE OF ENGINEERING,11
2013,DELHI COLLEGE OF ENGINEERING,12
2014,DELHI COLLEGE OF ENGINEERING,10
2012,DHIRUBHAI AMBANI INSTITUTE OF INFORMATION AND TECHNOLOGY,4
2013,DHIRUBHAI AMBANI INSTITUTE OF INFORMATION AND TECHNOLOGY,19
2014,DHIRUBHAI AMBANI INSTITUTE OF INFORMATION AND TECHNOLOGY,19
2012,IIIT HYDERBAD,18
2013,IIIT HYDERBAD,6
2014,IIIT HYDERBAD,18
2012,IIT DELHI,8
2013,IIT DELHI,11
2014,IIT DELHI,1
2012,IIT GUWAHATI,16
2013,IIT GUWAHATI,2
2014,IIT GUWAHATI,12
2012,IIT KANPUR,15
2013,IIT KANPUR,3
2014,IIT KANPUR,15
2012,IIT KHARAGPUR,14
2013,IIT KHARAGPUR,5
2014,IIT KHARAGPUR,7
2012,IIT MADRAS,19
2013,IIT MADRAS,1
2014,IIT MADRAS,6
2012,IIT MUMBAI,20
2013,IIT MUMBAI,9
2014,IIT MUMBAI,10
2012,IIT ROORKEE,17
2013,IIT ROORKEE,10
2014,IIT ROORKEE,9
2012,"INSTITUTE OF TECHNOLOGY ,BHU",10
2013,"INSTITUTE OF TECHNOLOGY ,BHU",20
2014,"INSTITUTE OF TECHNOLOGY ,BHU",3
2012,MANIPAL INSTITUTE OF TECHNOLOGY,3
2013,MANIPAL INSTITUTE OF TECHNOLOGY,14
2014,MANIPAL INSTITUTE OF TECHNOLOGY,13
2012,MNNIT ALLAHABAD,12
2013,MNNIT ALLAHABAD,18
2014,MNNIT ALLAHABAD,4
2012,PSG COLLEGE OF TECHNOLOGY,6
2013,PSG COLLEGE OF TECHNOLOGY,16
2014,PSG COLLEGE OF TECHNOLOGY,14
2012,SRM UNIVERSITY,7
2013,SRM UNIVERSITY,4
2014,SRM UNIVERSITY,2
2012,THAPAR INSTITUTE OF ENGINEERING AND TECHNOLOGY,5
2013,THAPAR INSTITUTE OF ENGINEERING AND TECHNOLOGY,13
2014,THAPAR INSTITUTE OF ENGINEERING AND TECHNOLOGY,8
2012,VELLORE INSTITUTE OF TECHNOLOGY,1
2013,VELLORE INSTITUTE OF TECHNOLOGY,15
2014,VELLORE INSTITUTE OF TECHNOLOGY,16
2012,VISHWESHWARAYYA TECHNOLOGICAL UNIVERSITY,2
2013,VISHWESHWARAYYA TECHNOLOGICAL UNIVERSITY,17
2014,VISHWESHWARAYYA TECHNOLOGICAL UNIVERSITY,17
